snapshot_time,streamer,game,viewers,started_at,hour_start,hour_snapshot,stream_age_seconds,stream_age_minutes,stream_age_hours
2026-05-11 14:58:35.015881+00:00,StRoGo,Counter-Strike,43481,2026-05-11 07:13:59+00:00,7,14,27876.0,464.6,7.74
2026-05-11 14:58:35.015881+00:00,PGL,Counter-Strike,27262,2026-05-11 04:13:15+00:00,4,14,38720.0,645.33,10.76
2026-05-11 14:58:35.015881+00:00,aospat,Just Chatting,25218,2026-05-11 12:47:38+00:00,12,14,7857.0,130.95,2.18
2026-05-11 14:58:35.015881+00:00,dangerlyoha,IRL,20160,2026-05-11 12:02:48+00:00,12,14,10547.0,175.78,2.93
2026-05-11 14:58:35.015881+00:00,gon_vl,Splatoon 3,16563,2026-05-11 07:21:43+00:00,7,14,27412.0,456.87,7.61
2026-05-11 14:58:35.015881+00:00,fps_shaka,League of Legends,15299,2026-05-11 11:04:07+00:00,11,14,14068.0,234.47,3.91
2026-05-11 14:58:35.015881+00:00,cs2_paragon_ru,Counter-Strike,14803,2026-05-11 04:25:51+00:00,4,14,37964.0,632.73,10.55
2026-05-11 14:58:35.015881+00:00,bySL4M,Counter-Strike,13532,2026-05-11 04:30:13+00:00,4,14,37702.0,628.37,10.47
2026-05-11 14:58:35.015881+00:00,steel,IRL,10850,2026-05-11 12:14:52+00:00,12,14,9823.0,163.72,2.73
2026-05-11 14:58:35.015881+00:00,ゆゆうた押忍,Just Chatting,9702,2026-05-11 09:00:34+00:00,9,14,21481.0,358.02,5.97
2026-05-11 14:58:35.015881+00:00,たいじ_たいちゃんねる,EA Sports UFC 5,9301,2026-05-11 07:19:01+00:00,7,14,27574.0,459.57,7.66
2026-05-11 14:58:35.015881+00:00,超負荷,Just Chatting,9219,2026-05-11 09:22:25+00:00,9,14,20170.0,336.17,5.6
2026-05-11 14:58:35.015881+00:00,k4sen,League of Legends,8580,2026-05-11 10:20:40+00:00,10,14,16675.0,277.92,4.63
2026-05-11 14:58:35.015881+00:00,Clemovitch,Just Chatting,8496,2026-05-11 10:37:54+00:00,10,14,15641.0,260.68,4.34
2026-05-11 14:58:35.015881+00:00,tonveraendert,Just Chatting,7875,2026-05-11 11:34:00+00:00,11,14,12275.0,204.58,3.41
2026-05-11 14:58:35.015881+00:00,cybersteffie,Software and Game Development,7798,2026-05-11 03:01:13+00:00,3,14,43042.0,717.37,11.96
2026-05-11 14:58:35.015881+00:00,Recrent,PUBG: BATTLEGROUNDS,7224,2026-05-11 11:10:02+00:00,11,14,13713.0,228.55,3.81
2026-05-11 14:58:35.015881+00:00,CohhCarnage,Death Stranding 2: On the Beach,6779,2026-05-11 11:40:44+00:00,11,14,11871.0,197.85,3.3
2026-05-11 14:58:35.015881+00:00,Dmitry_Lixxx,Counter-Strike,6529,2026-05-11 04:48:10+00:00,4,14,36625.0,610.42,10.17
2026-05-11 14:58:35.015881+00:00,珮蕾,Just Chatting,6092,2026-05-11 11:07:31+00:00,11,14,13864.0,231.07,3.85
2026-05-11 15:00:39.550152+00:00,StRoGo,Counter-Strike,43481,2026-05-11 07:13:59+00:00,7,15,28001.0,466.68,7.78
2026-05-11 15:00:39.550152+00:00,PGL,Counter-Strike,27262,2026-05-11 04:13:15+00:00,4,15,38845.0,647.42,10.79
2026-05-11 15:00:39.550152+00:00,aospat,Just Chatting,25218,2026-05-11 12:47:38+00:00,12,15,7982.0,133.03,2.22
2026-05-11 15:00:39.550152+00:00,dangerlyoha,IRL,19705,2026-05-11 12:02:48+00:00,12,15,10672.0,177.87,2.96
2026-05-11 15:00:39.550152+00:00,gon_vl,Splatoon 3,16563,2026-05-11 07:21:43+00:00,7,15,27537.0,458.95,7.65
2026-05-11 15:00:39.550152+00:00,fps_shaka,League of Legends,15096,2026-05-11 11:04:07+00:00,11,15,14193.0,236.55,3.94
2026-05-11 15:00:39.550152+00:00,cs2_paragon_ru,Counter-Strike,12525,2026-05-11 04:25:51+00:00,4,15,38089.0,634.82,10.58
2026-05-11 15:00:39.550152+00:00,bySL4M,Counter-Strike,12348,2026-05-11 04:30:13+00:00,4,15,37827.0,630.45,10.51
2026-05-11 15:00:39.550152+00:00,steel,IRL,11074,2026-05-11 12:14:52+00:00,12,15,9948.0,165.8,2.76
2026-05-11 15:00:39.550152+00:00,ゆゆうた押忍,Just Chatting,9702,2026-05-11 09:00:34+00:00,9,15,21606.0,360.1,6.0
2026-05-11 15:00:39.550152+00:00,超負荷,Just Chatting,9219,2026-05-11 09:22:25+00:00,9,15,20295.0,338.25,5.64
2026-05-11 15:00:39.550152+00:00,たいじ_たいちゃんねる,EA Sports UFC 5,9196,2026-05-11 07:19:01+00:00,7,15,27699.0,461.65,7.69
2026-05-11 15:00:39.550152+00:00,k4sen,League of Legends,8580,2026-05-11 10:20:40+00:00,10,15,16800.0,280.0,4.67
2026-05-11 15:00:39.550152+00:00,Clemovitch,Just Chatting,8496,2026-05-11 10:37:54+00:00,10,15,15766.0,262.77,4.38
2026-05-11 15:00:39.550152+00:00,tonveraendert,Just Chatting,7875,2026-05-11 11:34:00+00:00,11,15,12400.0,206.67,3.44
2026-05-11 15:00:39.550152+00:00,cybersteffie,Software and Game Development,7798,2026-05-11 03:01:13+00:00,3,15,43167.0,719.45,11.99
2026-05-11 15:00:39.550152+00:00,Recrent,PUBG: BATTLEGROUNDS,7224,2026-05-11 11:10:02+00:00,11,15,13838.0,230.63,3.84
2026-05-11 15:00:39.550152+00:00,CohhCarnage,Death Stranding 2: On the Beach,6924,2026-05-11 11:40:44+00:00,11,15,11996.0,199.93,3.33
2026-05-11 15:00:39.550152+00:00,珮蕾,Just Chatting,6092,2026-05-11 11:07:31+00:00,11,15,13989.0,233.15,3.89
2026-05-11 15:00:39.550152+00:00,lol_nemesis,League of Legends,6065,2026-05-11 09:59:27+00:00,9,15,18073.0,301.22,5.02
2026-05-11 15:01:35.020352+00:00,StRoGo,Counter-Strike,42140,2026-05-11 07:13:59+00:00,7,15,28056.0,467.6,7.79
2026-05-11 15:01:35.020352+00:00,PGL,Counter-Strike,26113,2026-05-11 04:13:15+00:00,4,15,38900.0,648.33,10.81
2026-05-11 15:01:35.020352+00:00,aospat,Just Chatting,25218,2026-05-11 12:47:38+00:00,12,15,8037.0,133.95,2.23
2026-05-11 15:01:35.020352+00:00,dangerlyoha,IRL,19705,2026-05-11 12:02:48+00:00,12,15,10727.0,178.78,2.98
2026-05-11 15:01:35.020352+00:00,gon_vl,Splatoon 3,16563,2026-05-11 07:21:43+00:00,7,15,27592.0,459.87,7.66
2026-05-11 15:01:35.020352+00:00,fps_shaka,League of Legends,15096,2026-05-11 11:04:07+00:00,11,15,14248.0,237.47,3.96
2026-05-11 15:01:35.020352+00:00,cs2_paragon_ru,Counter-Strike,12525,2026-05-11 04:25:51+00:00,4,15,38144.0,635.73,10.6
2026-05-11 15:01:35.020352+00:00,bySL4M,Counter-Strike,12348,2026-05-11 04:30:13+00:00,4,15,37882.0,631.37,10.52
2026-05-11 15:01:35.020352+00:00,steel,IRL,11074,2026-05-11 12:14:52+00:00,12,15,10003.0,166.72,2.78
2026-05-11 15:01:35.020352+00:00,ゆゆうた押忍,Just Chatting,9702,2026-05-11 09:00:34+00:00,9,15,21661.0,361.02,6.02
2026-05-11 15:01:35.020352+00:00,超負荷,Just Chatting,9219,2026-05-11 09:22:25+00:00,9,15,20350.0,339.17,5.65
2026-05-11 15:01:35.020352+00:00,たいじ_たいちゃんねる,EA Sports UFC 5,9196,2026-05-11 07:19:01+00:00,7,15,27754.0,462.57,7.71
2026-05-11 15:01:35.020352+00:00,Clemovitch,Just Chatting,8634,2026-05-11 10:37:54+00:00,10,15,15821.0,263.68,4.39
2026-05-11 15:01:35.020352+00:00,k4sen,League of Legends,8580,2026-05-11 10:20:40+00:00,10,15,16855.0,280.92,4.68
2026-05-11 15:01:35.020352+00:00,tonveraendert,Just Chatting,8253,2026-05-11 11:34:00+00:00,11,15,12455.0,207.58,3.46
2026-05-11 15:01:35.020352+00:00,cybersteffie,Software and Game Development,7798,2026-05-11 03:01:13+00:00,3,15,43222.0,720.37,12.01
2026-05-11 15:01:35.020352+00:00,Recrent,PUBG: BATTLEGROUNDS,7454,2026-05-11 11:10:02+00:00,11,15,13893.0,231.55,3.86
2026-05-11 15:01:35.020352+00:00,CohhCarnage,Death Stranding 2: On the Beach,6924,2026-05-11 11:40:44+00:00,11,15,12051.0,200.85,3.35
2026-05-11 15:01:35.020352+00:00,珮蕾,Just Chatting,6092,2026-05-11 11:07:31+00:00,11,15,14044.0,234.07,3.9
2026-05-11 15:01:35.020352+00:00,lol_nemesis,League of Legends,5974,2026-05-11 09:59:27+00:00,9,15,18128.0,302.13,5.04
2026-05-11 15:06:35.483889+00:00,StRoGo,Counter-Strike,42720,2026-05-11 07:13:59+00:00,7,15,28356.0,472.6,7.88
2026-05-11 15:06:35.483889+00:00,aospat,Just Chatting,28964,2026-05-11 12:47:38+00:00,12,15,8337.0,138.95,2.32
2026-05-11 15:06:35.483889+00:00,PGL,Counter-Strike,26113,2026-05-11 04:13:15+00:00,4,15,39200.0,653.33,10.89
2026-05-11 15:06:35.483889+00:00,dangerlyoha,IRL,19451,2026-05-11 12:02:48+00:00,12,15,11027.0,183.78,3.06
2026-05-11 15:06:35.483889+00:00,gon_vl,Splatoon 3,15943,2026-05-11 07:21:43+00:00,7,15,27892.0,464.87,7.75
2026-05-11 15:06:35.483889+00:00,buster,Counter-Strike,15828,2026-05-11 12:53:08+00:00,12,15,8007.0,133.45,2.22
2026-05-11 15:06:35.483889+00:00,fps_shaka,League of Legends,14794,2026-05-11 11:04:07+00:00,11,15,14548.0,242.47,4.04
2026-05-11 15:06:35.483889+00:00,bySL4M,Counter-Strike,12530,2026-05-11 04:30:13+00:00,4,15,38182.0,636.37,10.61
2026-05-11 15:06:35.483889+00:00,cs2_paragon_ru,Counter-Strike,11824,2026-05-11 04:25:51+00:00,4,15,38444.0,640.73,10.68
2026-05-11 15:06:35.483889+00:00,steel,IRL,11195,2026-05-11 12:14:52+00:00,12,15,10303.0,171.72,2.86
2026-05-11 15:06:35.483889+00:00,ゆゆうた押忍,Just Chatting,9574,2026-05-11 09:00:34+00:00,9,15,21961.0,366.02,6.1
2026-05-11 15:06:35.483889+00:00,たいじ_たいちゃんねる,EA Sports UFC 5,9391,2026-05-11 07:19:01+00:00,7,15,28054.0,467.57,7.79
2026-05-11 15:06:35.483889+00:00,超負荷,Just Chatting,9107,2026-05-11 09:22:25+00:00,9,15,20650.0,344.17,5.74
2026-05-11 15:06:35.483889+00:00,tonveraendert,Just Chatting,8662,2026-05-11 11:34:00+00:00,11,15,12755.0,212.58,3.54
2026-05-11 15:06:35.483889+00:00,Clemovitch,Just Chatting,8634,2026-05-11 10:37:54+00:00,10,15,16121.0,268.68,4.48
2026-05-11 15:06:35.483889+00:00,k4sen,League of Legends,8434,2026-05-11 10:20:40+00:00,10,15,17155.0,285.92,4.77
2026-05-11 15:06:35.483889+00:00,cybersteffie,Software and Game Development,8270,2026-05-11 03:01:13+00:00,3,15,43522.0,725.37,12.09
2026-05-11 15:06:35.483889+00:00,Recrent,PUBG: BATTLEGROUNDS,7709,2026-05-11 11:10:02+00:00,11,15,14193.0,236.55,3.94
2026-05-11 15:06:35.483889+00:00,CohhCarnage,Death Stranding 2: On the Beach,7222,2026-05-11 11:40:44+00:00,11,15,12351.0,205.85,3.43
2026-05-11 15:06:35.483889+00:00,珮蕾,Just Chatting,6178,2026-05-11 11:07:31+00:00,11,15,14344.0,239.07,3.98
2026-05-11 15:11:35.954411+00:00,StRoGo,Counter-Strike,45510,2026-05-11 07:13:59+00:00,7,15,28657.0,477.62,7.96
2026-05-11 15:11:35.954411+00:00,PGL,Counter-Strike,26808,2026-05-11 04:13:15+00:00,4,15,39501.0,658.35,10.97
2026-05-11 15:11:35.954411+00:00,aospat,Just Chatting,26353,2026-05-11 12:47:38+00:00,12,15,8638.0,143.97,2.4
2026-05-11 15:11:35.954411+00:00,加藤純一うん〇ちゃん,Tomodachi Life: Living the Dream,23957,2026-05-11 13:02:32+00:00,13,15,7744.0,129.07,2.15
2026-05-11 15:11:35.954411+00:00,dangerlyoha,IRL,19175,2026-05-11 12:02:48+00:00,12,15,11328.0,188.8,3.15
2026-05-11 15:11:35.954411+00:00,buster,Counter-Strike,18920,2026-05-11 12:53:08+00:00,12,15,8308.0,138.47,2.31
2026-05-11 15:11:35.954411+00:00,fps_shaka,League of Legends,14734,2026-05-11 11:04:07+00:00,11,15,14849.0,247.48,4.12
2026-05-11 15:11:35.954411+00:00,bySL4M,Counter-Strike,13631,2026-05-11 04:30:13+00:00,4,15,38483.0,641.38,10.69
2026-05-11 15:11:35.954411+00:00,cs2_paragon_ru,Counter-Strike,13410,2026-05-11 04:25:51+00:00,4,15,38745.0,645.75,10.76
2026-05-11 15:11:35.954411+00:00,steel,IRL,10966,2026-05-11 12:14:52+00:00,12,15,10604.0,176.73,2.95
2026-05-11 15:11:35.954411+00:00,超負荷,Just Chatting,9107,2026-05-11 09:22:25+00:00,9,15,20951.0,349.18,5.82
2026-05-11 15:11:35.954411+00:00,tonveraendert,Just Chatting,9059,2026-05-11 11:34:00+00:00,11,15,13056.0,217.6,3.63
2026-05-11 15:11:35.954411+00:00,たいじ_たいちゃんねる,EA Sports UFC 5,8674,2026-05-11 07:19:01+00:00,7,15,28355.0,472.58,7.88
2026-05-11 15:11:35.954411+00:00,k4sen,League of Legends,8577,2026-05-11 10:20:40+00:00,10,15,17456.0,290.93,4.85
2026-05-11 15:11:35.954411+00:00,Clemovitch,Just Chatting,8533,2026-05-11 10:37:54+00:00,10,15,16422.0,273.7,4.56
2026-05-11 15:11:35.954411+00:00,cybersteffie,Software and Game Development,8159,2026-05-11 03:01:13+00:00,3,15,43823.0,730.38,12.17
2026-05-11 15:11:35.954411+00:00,ゆゆうた押忍,Just Chatting,8158,2026-05-11 09:00:34+00:00,9,15,22262.0,371.03,6.18
2026-05-11 15:11:35.954411+00:00,Recrent,PUBG: BATTLEGROUNDS,7948,2026-05-11 11:10:02+00:00,11,15,14494.0,241.57,4.03
2026-05-11 15:11:35.954411+00:00,CohhCarnage,Death Stranding 2: On the Beach,7340,2026-05-11 11:40:44+00:00,11,15,12652.0,210.87,3.51
2026-05-11 15:11:35.954411+00:00,ohnePixel,Counter-Strike,6502,2026-05-11 13:04:04+00:00,13,15,7652.0,127.53,2.13
2026-05-11 15:16:36.386247+00:00,StRoGo,Counter-Strike,51065,2026-05-11 07:13:59+00:00,7,15,28957.0,482.62,8.04
2026-05-11 15:16:36.386247+00:00,加藤純一うん〇ちゃん,Tomodachi Life: Living the Dream,33946,2026-05-11 13:02:32+00:00,13,15,8044.0,134.07,2.23
2026-05-11 15:16:36.386247+00:00,PGL,Counter-Strike,28553,2026-05-11 04:13:15+00:00,4,15,39801.0,663.35,11.06
2026-05-11 15:16:36.386247+00:00,aospat,Just Chatting,24193,2026-05-11 12:47:38+00:00,12,15,8938.0,148.97,2.48
2026-05-11 15:16:36.386247+00:00,buster,Counter-Strike,20634,2026-05-11 12:53:08+00:00,12,15,8608.0,143.47,2.39
2026-05-11 15:16:36.386247+00:00,bySL4M,Counter-Strike,18943,2026-05-11 04:30:13+00:00,4,15,38783.0,646.38,10.77
2026-05-11 15:16:36.386247+00:00,dangerlyoha,IRL,18814,2026-05-11 12:02:48+00:00,12,15,11628.0,193.8,3.23
2026-05-11 15:16:36.386247+00:00,cs2_paragon_ru,Counter-Strike,18691,2026-05-11 04:25:51+00:00,4,15,39045.0,650.75,10.85
2026-05-11 15:16:36.386247+00:00,fps_shaka,League of Legends,14929,2026-05-11 11:04:07+00:00,11,15,15149.0,252.48,4.21
2026-05-11 15:16:36.386247+00:00,ohnePixel,Counter-Strike,12068,2026-05-11 13:04:04+00:00,13,15,7952.0,132.53,2.21
2026-05-11 15:16:36.386247+00:00,steel,IRL,11098,2026-05-11 12:14:52+00:00,12,15,10904.0,181.73,3.03
2026-05-11 15:16:36.386247+00:00,超負荷,Just Chatting,9417,2026-05-11 09:22:25+00:00,9,15,21251.0,354.18,5.9
2026-05-11 15:16:36.386247+00:00,tonveraendert,Just Chatting,9302,2026-05-11 11:34:00+00:00,11,15,13356.0,222.6,3.71
2026-05-11 15:16:36.386247+00:00,Clemovitch,Just Chatting,8533,2026-05-11 10:37:54+00:00,10,15,16722.0,278.7,4.64
2026-05-11 15:16:36.386247+00:00,たいじ_たいちゃんねる,EA Sports UFC 5,8456,2026-05-11 07:19:01+00:00,7,15,28655.0,477.58,7.96
2026-05-11 15:16:36.386247+00:00,k4sen,League of Legends,8439,2026-05-11 10:20:40+00:00,10,15,17756.0,295.93,4.93
2026-05-11 15:16:36.386247+00:00,cybersteffie,Software and Game Development,8396,2026-05-11 03:01:13+00:00,3,15,44123.0,735.38,12.26
2026-05-11 15:16:36.386247+00:00,ゆゆうた押忍,Just Chatting,7788,2026-05-11 09:00:34+00:00,9,15,22562.0,376.03,6.27
2026-05-11 15:16:36.386247+00:00,CohhCarnage,Death Stranding 2: On the Beach,7473,2026-05-11 11:40:44+00:00,11,15,12952.0,215.87,3.6
2026-05-11 15:16:36.386247+00:00,Recrent,PUBG: BATTLEGROUNDS,6933,2026-05-11 11:10:02+00:00,11,15,14794.0,246.57,4.11
2026-05-11 15:21:36.861852+00:00,StRoGo,Counter-Strike,54856,2026-05-11 07:13:59+00:00,7,15,29258.0,487.63,8.13
2026-05-11 15:21:36.861852+00:00,加藤純一うん〇ちゃん,Tomodachi Life: Living the Dream,36508,2026-05-11 13:02:32+00:00,13,15,8345.0,139.08,2.32
2026-05-11 15:21:36.861852+00:00,PGL,Counter-Strike,32970,2026-05-11 04:13:15+00:00,4,15,40102.0,668.37,11.14
2026-05-11 15:21:36.861852+00:00,aospat,Just Chatting,28474,2026-05-11 12:47:38+00:00,12,15,9239.0,153.98,2.57
2026-05-11 15:21:36.861852+00:00,buster,Counter-Strike,24931,2026-05-11 12:53:08+00:00,12,15,8909.0,148.48,2.47
2026-05-11 15:21:36.861852+00:00,cs2_paragon_ru,Counter-Strike,22768,2026-05-11 04:25:51+00:00,4,15,39346.0,655.77,10.93
2026-05-11 15:21:36.861852+00:00,bySL4M,Counter-Strike,21807,2026-05-11 04:30:13+00:00,4,15,39084.0,651.4,10.86
2026-05-11 15:21:36.861852+00:00,dangerlyoha,IRL,18154,2026-05-11 12:02:48+00:00,12,15,11929.0,198.82,3.31
2026-05-11 15:21:36.861852+00:00,ohnePixel,Counter-Strike,15254,2026-05-11 13:04:04+00:00,13,15,8253.0,137.55,2.29
2026-05-11 15:21:36.861852+00:00,fps_shaka,League of Legends,14929,2026-05-11 11:04:07+00:00,11,15,15450.0,257.5,4.29
2026-05-11 15:21:36.861852+00:00,steel,IRL,10801,2026-05-11 12:14:52+00:00,12,15,11205.0,186.75,3.11
2026-05-11 15:21:36.861852+00:00,tonveraendert,Just Chatting,9302,2026-05-11 11:34:00+00:00,11,15,13657.0,227.62,3.79
2026-05-11 15:21:36.861852+00:00,超負荷,Just Chatting,9231,2026-05-11 09:22:25+00:00,9,15,21552.0,359.2,5.99
2026-05-11 15:21:36.861852+00:00,Clemovitch,Just Chatting,8533,2026-05-11 10:37:54+00:00,10,15,17023.0,283.72,4.73
2026-05-11 15:21:36.861852+00:00,cybersteffie,Software and Game Development,8513,2026-05-11 03:01:13+00:00,3,15,44424.0,740.4,12.34
2026-05-11 15:21:36.861852+00:00,k4sen,League of Legends,8363,2026-05-11 10:20:40+00:00,10,15,18057.0,300.95,5.02
2026-05-11 15:21:36.861852+00:00,たいじ_たいちゃんねる,EA Sports UFC 5,8189,2026-05-11 07:19:01+00:00,7,15,28956.0,482.6,8.04
2026-05-11 15:21:36.861852+00:00,ALOHADANCETV,Dota 2,7689,2026-05-11 10:59:23+00:00,10,15,15734.0,262.23,4.37
2026-05-11 15:21:36.861852+00:00,ゆゆうた押忍,Just Chatting,7603,2026-05-11 09:00:34+00:00,9,15,22863.0,381.05,6.35
2026-05-11 15:21:36.861852+00:00,CohhCarnage,Death Stranding 2: On the Beach,7594,2026-05-11 11:40:44+00:00,11,15,13253.0,220.88,3.68
2026-05-11 15:26:37.272221+00:00,StRoGo,Counter-Strike,57753,2026-05-11 07:13:59+00:00,7,15,29558.0,492.63,8.21
2026-05-11 15:26:37.272221+00:00,加藤純一うん〇ちゃん,Tomodachi Life: Living the Dream,37442,2026-05-11 13:02:32+00:00,13,15,8645.0,144.08,2.4
2026-05-11 15:26:37.272221+00:00,PGL,Counter-Strike,33727,2026-05-11 04:13:15+00:00,4,15,40402.0,673.37,11.22
2026-05-11 15:26:37.272221+00:00,aospat,Just Chatting,30612,2026-05-11 12:47:38+00:00,12,15,9539.0,158.98,2.65
2026-05-11 15:26:37.272221+00:00,buster,Counter-Strike,27950,2026-05-11 12:53:08+00:00,12,15,9209.0,153.48,2.56
2026-05-11 15:26:37.272221+00:00,cs2_paragon_ru,Counter-Strike,24175,2026-05-11 04:25:51+00:00,4,15,39646.0,660.77,11.01
2026-05-11 15:26:37.272221+00:00,bySL4M,Counter-Strike,23220,2026-05-11 04:30:13+00:00,4,15,39384.0,656.4,10.94
2026-05-11 15:26:37.272221+00:00,ohnePixel,Counter-Strike,17952,2026-05-11 13:04:04+00:00,13,15,8553.0,142.55,2.38
2026-05-11 15:26:37.272221+00:00,dangerlyoha,IRL,17178,2026-05-11 12:02:48+00:00,12,15,12229.0,203.82,3.4
2026-05-11 15:26:37.272221+00:00,fps_shaka,League of Legends,14933,2026-05-11 11:04:07+00:00,11,15,15750.0,262.5,4.38
2026-05-11 15:26:37.272221+00:00,steel,IRL,10980,2026-05-11 12:14:52+00:00,12,15,11505.0,191.75,3.2
2026-05-11 15:26:37.272221+00:00,超負荷,Just Chatting,9231,2026-05-11 09:22:25+00:00,9,15,21852.0,364.2,6.07
2026-05-11 15:26:37.272221+00:00,tonveraendert,Just Chatting,9111,2026-05-11 11:34:00+00:00,11,15,13957.0,232.62,3.88
2026-05-11 15:26:37.272221+00:00,Clemovitch,Just Chatting,8628,2026-05-11 10:37:54+00:00,10,15,17323.0,288.72,4.81
2026-05-11 15:26:37.272221+00:00,cybersteffie,Software and Game Development,8425,2026-05-11 03:01:13+00:00,3,15,44724.0,745.4,12.42
2026-05-11 15:26:37.272221+00:00,k4sen,League of Legends,8279,2026-05-11 10:20:40+00:00,10,15,18357.0,305.95,5.1
2026-05-11 15:26:37.272221+00:00,ALOHADANCETV,Dota 2,8241,2026-05-11 10:59:23+00:00,10,15,16034.0,267.23,4.45
2026-05-11 15:26:37.272221+00:00,たいじ_たいちゃんねる,EA Sports UFC 5,8069,2026-05-11 07:19:01+00:00,7,15,29256.0,487.6,8.13
2026-05-11 15:26:37.272221+00:00,CohhCarnage,Death Stranding 2: On the Beach,7593,2026-05-11 11:40:44+00:00,11,15,13553.0,225.88,3.76
2026-05-11 15:26:37.272221+00:00,ゆゆうた押忍,Just Chatting,7262,2026-05-11 09:00:34+00:00,9,15,23163.0,386.05,6.43
2026-05-11 15:31:37.725576+00:00,StRoGo,Counter-Strike,58483,2026-05-11 07:13:59+00:00,7,15,29859.0,497.65,8.29
2026-05-11 15:31:37.725576+00:00,加藤純一うん〇ちゃん,Tomodachi Life: Living the Dream,39017,2026-05-11 13:02:32+00:00,13,15,8946.0,149.1,2.48
2026-05-11 15:31:37.725576+00:00,PGL,Counter-Strike,34344,2026-05-11 04:13:15+00:00,4,15,40703.0,678.38,11.31
2026-05-11 15:31:37.725576+00:00,aospat,Just Chatting,29652,2026-05-11 12:47:38+00:00,12,15,9840.0,164.0,2.73
2026-05-11 15:31:37.725576+00:00,buster,Counter-Strike,28942,2026-05-11 12:53:08+00:00,12,15,9510.0,158.5,2.64
2026-05-11 15:31:37.725576+00:00,cs2_paragon_ru,Counter-Strike,24686,2026-05-11 04:25:51+00:00,4,15,39947.0,665.78,11.1
2026-05-11 15:31:37.725576+00:00,bySL4M,Counter-Strike,24214,2026-05-11 04:30:13+00:00,4,15,39685.0,661.42,11.02
2026-05-11 15:31:37.725576+00:00,ohnePixel,Counter-Strike,19584,2026-05-11 13:04:04+00:00,13,15,8854.0,147.57,2.46
2026-05-11 15:31:37.725576+00:00,dangerlyoha,IRL,17389,2026-05-11 12:02:48+00:00,12,15,12530.0,208.83,3.48
2026-05-11 15:31:37.725576+00:00,fps_shaka,League of Legends,15084,2026-05-11 11:04:07+00:00,11,15,16051.0,267.52,4.46
2026-05-11 15:31:37.725576+00:00,steel,IRL,11255,2026-05-11 12:14:52+00:00,12,15,11806.0,196.77,3.28
2026-05-11 15:31:37.725576+00:00,超負荷,Just Chatting,9349,2026-05-11 09:22:25+00:00,9,15,22153.0,369.22,6.15
2026-05-11 15:31:37.725576+00:00,tonveraendert,Just Chatting,9202,2026-05-11 11:34:00+00:00,11,15,14258.0,237.63,3.96
2026-05-11 15:31:37.725576+00:00,ALOHADANCETV,Dota 2,8691,2026-05-11 10:59:23+00:00,10,15,16335.0,272.25,4.54
2026-05-11 15:31:37.725576+00:00,Clemovitch,Just Chatting,8628,2026-05-11 10:37:54+00:00,10,15,17624.0,293.73,4.9
2026-05-11 15:31:37.725576+00:00,k4sen,League of Legends,8419,2026-05-11 10:20:40+00:00,10,15,18658.0,310.97,5.18
2026-05-11 15:31:37.725576+00:00,cybersteffie,Software and Game Development,8006,2026-05-11 03:01:13+00:00,3,15,45025.0,750.42,12.51
2026-05-11 15:31:37.725576+00:00,たいじ_たいちゃんねる,EA Sports UFC 5,7870,2026-05-11 07:19:01+00:00,7,15,29557.0,492.62,8.21
2026-05-11 15:31:37.725576+00:00,CohhCarnage,Death Stranding 2: On the Beach,7593,2026-05-11 11:40:44+00:00,11,15,13854.0,230.9,3.85
2026-05-11 15:31:37.725576+00:00,Recrent,PUBG: BATTLEGROUNDS,7240,2026-05-11 11:10:02+00:00,11,15,15696.0,261.6,4.36
2026-05-11 15:36:38.179183+00:00,StRoGo,Counter-Strike,60550,2026-05-11 07:13:59+00:00,7,15,30159.0,502.65,8.38
2026-05-11 15:36:38.179183+00:00,加藤純一うん〇ちゃん,Tomodachi Life: Living the Dream,39804,2026-05-11 13:02:32+00:00,13,15,9246.0,154.1,2.57
2026-05-11 15:36:38.179183+00:00,PGL,Counter-Strike,35555,2026-05-11 04:13:15+00:00,4,15,41003.0,683.38,11.39
2026-05-11 15:36:38.179183+00:00,buster,Counter-Strike,30816,2026-05-11 12:53:08+00:00,12,15,9810.0,163.5,2.72
2026-05-11 15:36:38.179183+00:00,bySL4M,Counter-Strike,26229,2026-05-11 04:30:13+00:00,4,15,39985.0,666.42,11.11
2026-05-11 15:36:38.179183+00:00,aospat,Just Chatting,25748,2026-05-11 12:47:38+00:00,12,15,10140.0,169.0,2.82
2026-05-11 15:36:38.179183+00:00,cs2_paragon_ru,Counter-Strike,25736,2026-05-11 04:25:51+00:00,4,15,40247.0,670.78,11.18
2026-05-11 15:36:38.179183+00:00,ohnePixel,Counter-Strike,21681,2026-05-11 13:04:04+00:00,13,15,9154.0,152.57,2.54
2026-05-11 15:36:38.179183+00:00,dangerlyoha,IRL,16536,2026-05-11 12:02:48+00:00,12,15,12830.0,213.83,3.56
2026-05-11 15:36:38.179183+00:00,fps_shaka,League of Legends,15309,2026-05-11 11:04:07+00:00,11,15,16351.0,272.52,4.54
2026-05-11 15:36:38.179183+00:00,steel,IRL,11021,2026-05-11 12:14:52+00:00,12,15,12106.0,201.77,3.36
2026-05-11 15:36:38.179183+00:00,超負荷,Just Chatting,9482,2026-05-11 09:22:25+00:00,9,15,22453.0,374.22,6.24
2026-05-11 15:36:38.179183+00:00,k4sen,League of Legends,8935,2026-05-11 10:20:40+00:00,10,15,18958.0,315.97,5.27
2026-05-11 15:36:38.179183+00:00,ALOHADANCETV,Dota 2,8841,2026-05-11 10:59:23+00:00,10,15,16635.0,277.25,4.62
2026-05-11 15:36:38.179183+00:00,Clemovitch,Just Chatting,8628,2026-05-11 10:37:54+00:00,10,15,17924.0,298.73,4.98
2026-05-11 15:36:38.179183+00:00,cybersteffie,Software and Game Development,8006,2026-05-11 03:01:13+00:00,3,15,45325.0,755.42,12.59
2026-05-11 15:36:38.179183+00:00,たいじ_たいちゃんねる,EA Sports UFC 5,7752,2026-05-11 07:19:01+00:00,7,15,29857.0,497.62,8.29
2026-05-11 15:36:38.179183+00:00,CohhCarnage,Death Stranding 2: On the Beach,7670,2026-05-11 11:40:44+00:00,11,15,14154.0,235.9,3.93
2026-05-11 15:36:38.179183+00:00,Recrent,PUBG: BATTLEGROUNDS,7379,2026-05-11 11:10:02+00:00,11,15,15996.0,266.6,4.44
2026-05-11 15:36:38.179183+00:00,ゆゆうた押忍,Just Chatting,7089,2026-05-11 09:00:34+00:00,9,15,23764.0,396.07,6.6
2026-05-11 15:41:38.616975+00:00,StRoGo,Counter-Strike,61493,2026-05-11 07:13:59+00:00,7,15,30460.0,507.67,8.46
2026-05-11 15:41:38.616975+00:00,加藤純一うん〇ちゃん,Tomodachi Life: Living the Dream,40748,2026-05-11 13:02:32+00:00,13,15,9547.0,159.12,2.65
2026-05-11 15:41:38.616975+00:00,PGL,Counter-Strike,36764,2026-05-11 04:13:15+00:00,4,15,41304.0,688.4,11.47
2026-05-11 15:41:38.616975+00:00,buster,Counter-Strike,33573,2026-05-11 12:53:08+00:00,12,15,10111.0,168.52,2.81
2026-05-11 15:41:38.616975+00:00,bySL4M,Counter-Strike,26937,2026-05-11 04:30:13+00:00,4,15,40286.0,671.43,11.19
2026-05-11 15:41:38.616975+00:00,cs2_paragon_ru,Counter-Strike,26308,2026-05-11 04:25:51+00:00,4,15,40548.0,675.8,11.26
2026-05-11 15:41:38.616975+00:00,aospat,Just Chatting,25586,2026-05-11 12:47:38+00:00,12,15,10441.0,174.02,2.9
2026-05-11 15:41:38.616975+00:00,ohnePixel,Counter-Strike,19864,2026-05-11 13:04:04+00:00,13,15,9455.0,157.58,2.63
2026-05-11 15:41:38.616975+00:00,dangerlyoha,IRL,16297,2026-05-11 12:02:48+00:00,12,15,13131.0,218.85,3.65
2026-05-11 15:41:38.616975+00:00,fps_shaka,League of Legends,16054,2026-05-11 11:04:07+00:00,11,15,16652.0,277.53,4.63
2026-05-11 15:41:38.616975+00:00,steel,IRL,11218,2026-05-11 12:14:52+00:00,12,15,12407.0,206.78,3.45
2026-05-11 15:41:38.616975+00:00,超負荷,Just Chatting,9482,2026-05-11 09:22:25+00:00,9,15,22754.0,379.23,6.32
2026-05-11 15:41:38.616975+00:00,Clemovitch,Just Chatting,8529,2026-05-11 10:37:54+00:00,10,15,18225.0,303.75,5.06
2026-05-11 15:41:38.616975+00:00,k4sen,League of Legends,8475,2026-05-11 10:20:40+00:00,10,15,19259.0,320.98,5.35
2026-05-11 15:41:38.616975+00:00,cybersteffie,Software and Game Development,8103,2026-05-11 03:01:13+00:00,3,15,45626.0,760.43,12.67
2026-05-11 15:41:38.616975+00:00,ALOHADANCETV,Dota 2,8052,2026-05-11 10:59:23+00:00,10,15,16936.0,282.27,4.7
2026-05-11 15:41:38.616975+00:00,CohhCarnage,Death Stranding 2: On the Beach,7758,2026-05-11 11:40:44+00:00,11,15,14455.0,240.92,4.02
2026-05-11 15:41:38.616975+00:00,Recrent,PUBG: BATTLEGROUNDS,7710,2026-05-11 11:10:02+00:00,11,15,16297.0,271.62,4.53
2026-05-11 15:41:38.616975+00:00,たいじ_たいちゃんねる,EA Sports UFC 5,7633,2026-05-11 07:19:01+00:00,7,15,30158.0,502.63,8.38
2026-05-11 15:41:38.616975+00:00,tonveraendert,Just Chatting,7488,2026-05-11 11:34:00+00:00,11,15,14859.0,247.65,4.13
2026-05-11 15:46:39.031582+00:00,StRoGo,Counter-Strike,63199,2026-05-11 07:13:59+00:00,7,15,30760.0,512.67,8.54
2026-05-11 15:46:39.031582+00:00,加藤純一うん〇ちゃん,Tomodachi Life: Living the Dream,41217,2026-05-11 13:02:32+00:00,13,15,9847.0,164.12,2.74
2026-05-11 15:46:39.031582+00:00,buster,Counter-Strike,39029,2026-05-11 12:53:08+00:00,12,15,10411.0,173.52,2.89
2026-05-11 15:46:39.031582+00:00,PGL,Counter-Strike,37867,2026-05-11 04:13:15+00:00,4,15,41604.0,693.4,11.56
2026-05-11 15:46:39.031582+00:00,bySL4M,Counter-Strike,27642,2026-05-11 04:30:13+00:00,4,15,40586.0,676.43,11.27
2026-05-11 15:46:39.031582+00:00,cs2_paragon_ru,Counter-Strike,26607,2026-05-11 04:25:51+00:00,4,15,40848.0,680.8,11.35
2026-05-11 15:46:39.031582+00:00,ohnePixel,Counter-Strike,24261,2026-05-11 13:04:04+00:00,13,15,9755.0,162.58,2.71
2026-05-11 15:46:39.031582+00:00,aospat,Just Chatting,16391,2026-05-11 12:47:38+00:00,12,15,10741.0,179.02,2.98
2026-05-11 15:46:39.031582+00:00,dangerlyoha,IRL,16003,2026-05-11 12:02:48+00:00,12,15,13431.0,223.85,3.73
2026-05-11 15:46:39.031582+00:00,fps_shaka,League of Legends,15389,2026-05-11 11:04:07+00:00,11,15,16952.0,282.53,4.71
2026-05-11 15:46:39.031582+00:00,steel,IRL,10905,2026-05-11 12:14:52+00:00,12,15,12707.0,211.78,3.53
2026-05-11 15:46:39.031582+00:00,超負荷,Just Chatting,9514,2026-05-11 09:22:25+00:00,9,15,23054.0,384.23,6.4
2026-05-11 15:46:39.031582+00:00,ALOHADANCETV,Dota 2,9101,2026-05-11 10:59:23+00:00,10,15,17236.0,287.27,4.79
2026-05-11 15:46:39.031582+00:00,k4sen,League of Legends,8583,2026-05-11 10:20:40+00:00,10,15,19559.0,325.98,5.43
2026-05-11 15:46:39.031582+00:00,Clemovitch,Just Chatting,8529,2026-05-11 10:37:54+00:00,10,15,18525.0,308.75,5.15
2026-05-11 15:46:39.031582+00:00,cybersteffie,Software and Game Development,8264,2026-05-11 03:01:13+00:00,3,15,45926.0,765.43,12.76
2026-05-11 15:46:39.031582+00:00,CohhCarnage,Death Stranding 2: On the Beach,8000,2026-05-11 11:40:44+00:00,11,15,14755.0,245.92,4.1
2026-05-11 15:46:39.031582+00:00,たいじ_たいちゃんねる,EA Sports UFC 5,7504,2026-05-11 07:19:01+00:00,7,15,30458.0,507.63,8.46
2026-05-11 15:46:39.031582+00:00,SCHRADIN,Just Chatting,7188,2026-05-11 12:22:17+00:00,12,15,12262.0,204.37,3.41
2026-05-11 15:46:39.031582+00:00,ゆゆうた押忍,Just Chatting,6989,2026-05-11 09:00:34+00:00,9,15,24365.0,406.08,6.77
2026-05-11 15:51:39.485107+00:00,StRoGo,Counter-Strike,64266,2026-05-11 07:13:59+00:00,7,15,31060.0,517.67,8.63
2026-05-11 15:51:39.485107+00:00,加藤純一うん〇ちゃん,Tomodachi Life: Living the Dream,41925,2026-05-11 13:02:32+00:00,13,15,10147.0,169.12,2.82
2026-05-11 15:51:39.485107+00:00,buster,Counter-Strike,40564,2026-05-11 12:53:08+00:00,12,15,10711.0,178.52,2.98
2026-05-11 15:51:39.485107+00:00,PGL,Counter-Strike,37867,2026-05-11 04:13:15+00:00,4,15,41904.0,698.4,11.64
2026-05-11 15:51:39.485107+00:00,aospat,Just Chatting,29860,2026-05-11 12:47:38+00:00,12,15,11041.0,184.02,3.07
2026-05-11 15:51:39.485107+00:00,bySL4M,Counter-Strike,28266,2026-05-11 04:30:13+00:00,4,15,40886.0,681.43,11.36
2026-05-11 15:51:39.485107+00:00,cs2_paragon_ru,Counter-Strike,26927,2026-05-11 04:25:51+00:00,4,15,41148.0,685.8,11.43
2026-05-11 15:51:39.485107+00:00,ohnePixel,Counter-Strike,26080,2026-05-11 13:04:04+00:00,13,15,10055.0,167.58,2.79
2026-05-11 15:51:39.485107+00:00,dangerlyoha,IRL,16177,2026-05-11 12:02:48+00:00,12,15,13731.0,228.85,3.81
2026-05-11 15:51:39.485107+00:00,fps_shaka,League of Legends,15389,2026-05-11 11:04:07+00:00,11,15,17252.0,287.53,4.79
2026-05-11 15:51:39.485107+00:00,ALOHADANCETV,Dota 2,10197,2026-05-11 10:59:23+00:00,10,15,17536.0,292.27,4.87
2026-05-11 15:51:39.485107+00:00,steel,IRL,9901,2026-05-11 12:14:52+00:00,12,15,13007.0,216.78,3.61
2026-05-11 15:51:39.485107+00:00,超負荷,Just Chatting,9514,2026-05-11 09:22:25+00:00,9,15,23354.0,389.23,6.49
2026-05-11 15:51:39.485107+00:00,k4sen,League of Legends,8731,2026-05-11 10:20:40+00:00,10,15,19859.0,330.98,5.52
2026-05-11 15:51:39.485107+00:00,Clemovitch,Just Chatting,8529,2026-05-11 10:37:54+00:00,10,15,18825.0,313.75,5.23
2026-05-11 15:51:39.485107+00:00,cybersteffie,Software and Game Development,8179,2026-05-11 03:01:13+00:00,3,15,46226.0,770.43,12.84
2026-05-11 15:51:39.485107+00:00,CohhCarnage,Death Stranding 2: On the Beach,8081,2026-05-11 11:40:44+00:00,11,15,15055.0,250.92,4.18
2026-05-11 15:51:39.485107+00:00,SCHRADIN,Just Chatting,7996,2026-05-11 12:22:17+00:00,12,15,12562.0,209.37,3.49
2026-05-11 15:51:39.485107+00:00,たいじ_たいちゃんねる,EA Sports UFC 5,7413,2026-05-11 07:19:01+00:00,7,15,30758.0,512.63,8.54
2026-05-11 15:51:39.485107+00:00,ゆゆうた押忍,Just Chatting,6989,2026-05-11 09:00:34+00:00,9,15,24665.0,411.08,6.85
2026-05-11 15:56:39.985749+00:00,StRoGo,Counter-Strike,65260,2026-05-11 07:13:59+00:00,7,15,31361.0,522.68,8.71
2026-05-11 15:56:39.985749+00:00,加藤純一うん〇ちゃん,Tomodachi Life: Living the Dream,42456,2026-05-11 13:02:32+00:00,13,15,10448.0,174.13,2.9
2026-05-11 15:56:39.985749+00:00,buster,Counter-Strike,41694,2026-05-11 12:53:08+00:00,12,15,11012.0,183.53,3.06
2026-05-11 15:56:39.985749+00:00,PGL,Counter-Strike,38374,2026-05-11 04:13:15+00:00,4,15,42205.0,703.42,11.72
2026-05-11 15:56:39.985749+00:00,bySL4M,Counter-Strike,29485,2026-05-11 04:30:13+00:00,4,15,41187.0,686.45,11.44
2026-05-11 15:56:39.985749+00:00,ohnePixel,Counter-Strike,27300,2026-05-11 13:04:04+00:00,13,15,10356.0,172.6,2.88
2026-05-11 15:56:39.985749+00:00,cs2_paragon_ru,Counter-Strike,27208,2026-05-11 04:25:51+00:00,4,15,41449.0,690.82,11.51
2026-05-11 15:56:39.985749+00:00,aospat,Just Chatting,25648,2026-05-11 12:47:38+00:00,12,15,11342.0,189.03,3.15
2026-05-11 15:56:39.985749+00:00,dangerlyoha,IRL,15244,2026-05-11 12:02:48+00:00,12,15,14032.0,233.87,3.9
2026-05-11 15:56:39.985749+00:00,fps_shaka,League of Legends,15205,2026-05-11 11:04:07+00:00,11,15,17553.0,292.55,4.88
2026-05-11 15:56:39.985749+00:00,ALOHADANCETV,Dota 2,10304,2026-05-11 10:59:23+00:00,10,15,17837.0,297.28,4.95
2026-05-11 15:56:39.985749+00:00,steel,IRL,10060,2026-05-11 12:14:52+00:00,12,15,13308.0,221.8,3.7
2026-05-11 15:56:39.985749+00:00,超負荷,Just Chatting,9632,2026-05-11 09:22:25+00:00,9,15,23655.0,394.25,6.57
2026-05-11 15:56:39.985749+00:00,Clemovitch,Just Chatting,8702,2026-05-11 10:37:54+00:00,10,15,19126.0,318.77,5.31
2026-05-11 15:56:39.985749+00:00,k4sen,League of Legends,8638,2026-05-11 10:20:40+00:00,10,15,20160.0,336.0,5.6
2026-05-11 15:56:39.985749+00:00,cybersteffie,Software and Game Development,8299,2026-05-11 03:01:13+00:00,3,15,46527.0,775.45,12.92
2026-05-11 15:56:39.985749+00:00,CohhCarnage,Death Stranding 2: On the Beach,7987,2026-05-11 11:40:44+00:00,11,15,15356.0,255.93,4.27
2026-05-11 15:56:39.985749+00:00,SCHRADIN,Just Chatting,7619,2026-05-11 12:22:17+00:00,12,15,12863.0,214.38,3.57
2026-05-11 15:56:39.985749+00:00,たいじ_たいちゃんねる,EA Sports UFC 5,7514,2026-05-11 07:19:01+00:00,7,15,31059.0,517.65,8.63
2026-05-11 15:56:39.985749+00:00,NiklasWilson,Just Chatting,7113,2026-05-11 11:03:29+00:00,11,15,17591.0,293.18,4.89
2026-05-11 16:01:40.439337+00:00,StRoGo,Counter-Strike,66790,2026-05-11 07:13:59+00:00,7,16,31661.0,527.68,8.79
2026-05-11 16:01:40.439337+00:00,buster,Counter-Strike,43437,2026-05-11 12:53:08+00:00,12,16,11312.0,188.53,3.14
2026-05-11 16:01:40.439337+00:00,加藤純一うん〇ちゃん,Tomodachi Life: Living the Dream,42456,2026-05-11 13:02:32+00:00,13,16,10748.0,179.13,2.99
2026-05-11 16:01:40.439337+00:00,PGL,Counter-Strike,40543,2026-05-11 04:13:15+00:00,4,16,42505.0,708.42,11.81
2026-05-11 16:01:40.439337+00:00,bySL4M,Counter-Strike,30846,2026-05-11 04:30:13+00:00,4,16,41487.0,691.45,11.52
2026-05-11 16:01:40.439337+00:00,aospat,Just Chatting,29799,2026-05-11 12:47:38+00:00,12,16,11642.0,194.03,3.23
2026-05-11 16:01:40.439337+00:00,ohnePixel,Counter-Strike,28327,2026-05-11 13:04:04+00:00,13,16,10656.0,177.6,2.96
2026-05-11 16:01:40.439337+00:00,cs2_paragon_ru,Counter-Strike,27542,2026-05-11 04:25:51+00:00,4,16,41749.0,695.82,11.6
2026-05-11 16:01:40.439337+00:00,dangerlyoha,IRL,15449,2026-05-11 12:02:48+00:00,12,16,14332.0,238.87,3.98
2026-05-11 16:01:40.439337+00:00,fps_shaka,League of Legends,14910,2026-05-11 11:04:07+00:00,11,16,17853.0,297.55,4.96
2026-05-11 16:01:40.439337+00:00,ALOHADANCETV,Dota 2,10570,2026-05-11 10:59:23+00:00,10,16,18137.0,302.28,5.04
2026-05-11 16:01:40.439337+00:00,steel,IRL,10191,2026-05-11 12:14:52+00:00,12,16,13608.0,226.8,3.78
2026-05-11 16:01:40.439337+00:00,超負荷,Just Chatting,9751,2026-05-11 09:22:25+00:00,9,16,23955.0,399.25,6.65
2026-05-11 16:01:40.439337+00:00,k4sen,League of Legends,8542,2026-05-11 10:20:40+00:00,10,16,20460.0,341.0,5.68
2026-05-11 16:01:40.439337+00:00,cybersteffie,Software and Game Development,8443,2026-05-11 03:01:13+00:00,3,16,46827.0,780.45,13.01
2026-05-11 16:01:40.439337+00:00,Clemovitch,Just Chatting,8276,2026-05-11 10:37:54+00:00,10,16,19426.0,323.77,5.4
2026-05-11 16:01:40.439337+00:00,CohhCarnage,Death Stranding 2: On the Beach,8142,2026-05-11 11:40:44+00:00,11,16,15656.0,260.93,4.35
2026-05-11 16:01:40.439337+00:00,SCHRADIN,Just Chatting,7739,2026-05-11 12:22:17+00:00,12,16,13163.0,219.38,3.66
2026-05-11 16:01:40.439337+00:00,たいじ_たいちゃんねる,EA Sports UFC 5,7688,2026-05-11 07:19:01+00:00,7,16,31359.0,522.65,8.71
2026-05-11 16:01:40.439337+00:00,ゆゆうた押忍,Just Chatting,6683,2026-05-11 09:00:34+00:00,9,16,25266.0,421.1,7.02
2026-05-11 16:06:40.870788+00:00,StRoGo,Counter-Strike,52607,2026-05-11 07:13:59+00:00,7,16,31962.0,532.7,8.88
2026-05-11 16:06:40.870788+00:00,加藤純一うん〇ちゃん,Tomodachi Life: Living the Dream,42927,2026-05-11 13:02:32+00:00,13,16,11049.0,184.15,3.07
2026-05-11 16:06:40.870788+00:00,buster,Counter-Strike,37475,2026-05-11 12:53:08+00:00,12,16,11613.0,193.55,3.23
2026-05-11 16:06:40.870788+00:00,PGL,Counter-Strike,30869,2026-05-11 04:13:15+00:00,4,16,42806.0,713.43,11.89
2026-05-11 16:06:40.870788+00:00,ohnePixel,Counter-Strike,27731,2026-05-11 13:04:04+00:00,13,16,10957.0,182.62,3.04
2026-05-11 16:06:40.870788+00:00,aospat,Just Chatting,26221,2026-05-11 12:47:38+00:00,12,16,11943.0,199.05,3.32
2026-05-11 16:06:40.870788+00:00,bySL4M,Counter-Strike,23755,2026-05-11 04:30:13+00:00,4,16,41788.0,696.47,11.61
2026-05-11 16:06:40.870788+00:00,cs2_paragon_ru,Counter-Strike,19277,2026-05-11 04:25:51+00:00,4,16,42050.0,700.83,11.68
2026-05-11 16:06:40.870788+00:00,dangerlyoha,IRL,15967,2026-05-11 12:02:48+00:00,12,16,14633.0,243.88,4.06
2026-05-11 16:06:40.870788+00:00,fps_shaka,League of Legends,15086,2026-05-11 11:04:07+00:00,11,16,18154.0,302.57,5.04
2026-05-11 16:06:40.870788+00:00,ALOHADANCETV,Dota 2,11434,2026-05-11 10:59:23+00:00,10,16,18438.0,307.3,5.12
2026-05-11 16:06:40.870788+00:00,steel,IRL,10877,2026-05-11 12:14:52+00:00,12,16,13909.0,231.82,3.86
2026-05-11 16:06:40.870788+00:00,超負荷,Just Chatting,9867,2026-05-11 09:22:25+00:00,9,16,24256.0,404.27,6.74
2026-05-11 16:06:40.870788+00:00,cybersteffie,Software and Game Development,9204,2026-05-11 03:01:13+00:00,3,16,47128.0,785.47,13.09
2026-05-11 16:06:40.870788+00:00,k4sen,League of Legends,8802,2026-05-11 10:20:40+00:00,10,16,20761.0,346.02,5.77
2026-05-11 16:06:40.870788+00:00,Clemovitch,Just Chatting,8276,2026-05-11 10:37:54+00:00,10,16,19727.0,328.78,5.48
2026-05-11 16:06:40.870788+00:00,SCHRADIN,Just Chatting,7952,2026-05-11 12:22:17+00:00,12,16,13464.0,224.4,3.74
2026-05-11 16:06:40.870788+00:00,CohhCarnage,Death Stranding 2: On the Beach,7823,2026-05-11 11:40:44+00:00,11,16,15957.0,265.95,4.43
2026-05-11 16:06:40.870788+00:00,たいじ_たいちゃんねる,EA Sports UFC 5,7263,2026-05-11 07:19:01+00:00,7,16,31660.0,527.67,8.79
2026-05-11 16:06:40.870788+00:00,Recrent,PUBG: BATTLEGROUNDS,7052,2026-05-11 11:10:02+00:00,11,16,17799.0,296.65,4.94
2026-05-11 16:11:41.289375+00:00,StRoGo,Counter-Strike,50476,2026-05-11 07:13:59+00:00,7,16,32262.0,537.7,8.96
2026-05-11 16:11:41.289375+00:00,加藤純一うん〇ちゃん,Tomodachi Life: Living the Dream,42927,2026-05-11 13:02:32+00:00,13,16,11349.0,189.15,3.15
2026-05-11 16:11:41.289375+00:00,buster,Counter-Strike,34537,2026-05-11 12:53:08+00:00,12,16,11913.0,198.55,3.31
2026-05-11 16:11:41.289375+00:00,PGL,Counter-Strike,29969,2026-05-11 04:13:15+00:00,4,16,43106.0,718.43,11.97
2026-05-11 16:11:41.289375+00:00,ohnePixel,Counter-Strike,29125,2026-05-11 13:04:04+00:00,13,16,11257.0,187.62,3.13
2026-05-11 16:11:41.289375+00:00,aospat,Just Chatting,26862,2026-05-11 12:47:38+00:00,12,16,12243.0,204.05,3.4
2026-05-11 16:11:41.289375+00:00,bySL4M,Counter-Strike,20380,2026-05-11 04:30:13+00:00,4,16,42088.0,701.47,11.69
2026-05-11 16:11:41.289375+00:00,cs2_paragon_ru,Counter-Strike,18948,2026-05-11 04:25:51+00:00,4,16,42350.0,705.83,11.76
2026-05-11 16:11:41.289375+00:00,dangerlyoha,IRL,16143,2026-05-11 12:02:48+00:00,12,16,14933.0,248.88,4.15
2026-05-11 16:11:41.289375+00:00,fps_shaka,League of Legends,15252,2026-05-11 11:04:07+00:00,11,16,18454.0,307.57,5.13
2026-05-11 16:11:41.289375+00:00,steel,IRL,11063,2026-05-11 12:14:52+00:00,12,16,14209.0,236.82,3.95
2026-05-11 16:11:41.289375+00:00,超負荷,Just Chatting,10144,2026-05-11 09:22:25+00:00,9,16,24556.0,409.27,6.82
2026-05-11 16:11:41.289375+00:00,Clemovitch,Just Chatting,8365,2026-05-11 10:37:54+00:00,10,16,20027.0,333.78,5.56
2026-05-11 16:11:41.289375+00:00,k4sen,League of Legends,8361,2026-05-11 10:20:40+00:00,10,16,21061.0,351.02,5.85
2026-05-11 16:11:41.289375+00:00,SCHRADIN,Just Chatting,8180,2026-05-11 12:22:17+00:00,12,16,13764.0,229.4,3.82
2026-05-11 16:11:41.289375+00:00,CohhCarnage,Death Stranding 2: On the Beach,7919,2026-05-11 11:40:44+00:00,11,16,16257.0,270.95,4.52
2026-05-11 16:11:41.289375+00:00,cybersteffie,Software and Game Development,7690,2026-05-11 03:01:13+00:00,3,16,47428.0,790.47,13.17
2026-05-11 16:11:41.289375+00:00,たいじ_たいちゃんねる,EA Sports UFC 5,7111,2026-05-11 07:19:01+00:00,7,16,31960.0,532.67,8.88
2026-05-11 16:11:41.289375+00:00,Recrent,PUBG: BATTLEGROUNDS,6854,2026-05-11 11:10:02+00:00,11,16,18099.0,301.65,5.03
2026-05-11 16:11:41.289375+00:00,Gotaga,VALORANT,6760,2026-05-11 12:41:41+00:00,12,16,12600.0,210.0,3.5
2026-05-11 16:16:41.734117+00:00,StRoGo,Counter-Strike,51486,2026-05-11 07:13:59+00:00,7,16,32563.0,542.72,9.05
2026-05-11 16:16:41.734117+00:00,加藤純一うん〇ちゃん,Tomodachi Life: Living the Dream,42927,2026-05-11 13:02:32+00:00,13,16,11650.0,194.17,3.24
2026-05-11 16:16:41.734117+00:00,buster,Counter-Strike,35325,2026-05-11 12:53:08+00:00,12,16,12214.0,203.57,3.39
2026-05-11 16:16:41.734117+00:00,PGL,Counter-Strike,31396,2026-05-11 04:13:15+00:00,4,16,43407.0,723.45,12.06
2026-05-11 16:16:41.734117+00:00,aospat,Just Chatting,30229,2026-05-11 12:47:38+00:00,12,16,12544.0,209.07,3.48
2026-05-11 16:16:41.734117+00:00,ohnePixel,Counter-Strike,25834,2026-05-11 13:04:04+00:00,13,16,11558.0,192.63,3.21
2026-05-11 16:16:41.734117+00:00,bySL4M,Counter-Strike,20787,2026-05-11 04:30:13+00:00,4,16,42389.0,706.48,11.77
2026-05-11 16:16:41.734117+00:00,cs2_paragon_ru,Counter-Strike,19396,2026-05-11 04:25:51+00:00,4,16,42651.0,710.85,11.85
2026-05-11 16:16:41.734117+00:00,CohhCarnage,Death Stranding 2: On the Beach,18460,2026-05-11 11:40:44+00:00,11,16,16558.0,275.97,4.6
2026-05-11 16:16:41.734117+00:00,dangerlyoha,IRL,16815,2026-05-11 12:02:48+00:00,12,16,15234.0,253.9,4.23
2026-05-11 16:16:41.734117+00:00,fps_shaka,League of Legends,15762,2026-05-11 11:04:07+00:00,11,16,18755.0,312.58,5.21
2026-05-11 16:16:41.734117+00:00,steel,IRL,10921,2026-05-11 12:14:52+00:00,12,16,14510.0,241.83,4.03
2026-05-11 16:16:41.734117+00:00,超負荷,Just Chatting,10302,2026-05-11 09:22:25+00:00,9,16,24857.0,414.28,6.9
2026-05-11 16:16:41.734117+00:00,SCHRADIN,Just Chatting,9848,2026-05-11 12:22:17+00:00,12,16,14065.0,234.42,3.91
2026-05-11 16:16:41.734117+00:00,cybersteffie,Software and Game Development,9228,2026-05-11 03:01:13+00:00,3,16,47729.0,795.48,13.26
2026-05-11 16:16:41.734117+00:00,hivise,Rocket League,9029,2026-05-11 14:04:54+00:00,14,16,7908.0,131.8,2.2
2026-05-11 16:16:41.734117+00:00,Clemovitch,Just Chatting,8365,2026-05-11 10:37:54+00:00,10,16,20328.0,338.8,5.65
2026-05-11 16:16:41.734117+00:00,k4sen,League of Legends,8260,2026-05-11 10:20:40+00:00,10,16,21362.0,356.03,5.93
2026-05-11 16:16:41.734117+00:00,Recrent,PUBG: BATTLEGROUNDS,7169,2026-05-11 11:10:02+00:00,11,16,18400.0,306.67,5.11
2026-05-11 16:16:41.734117+00:00,たいじ_たいちゃんねる,EA Sports UFC 5,7111,2026-05-11 07:19:01+00:00,7,16,32261.0,537.68,8.96
2026-05-11 16:21:42.195208+00:00,StRoGo,Counter-Strike,53794,2026-05-11 07:13:59+00:00,7,16,32863.0,547.72,9.13
2026-05-11 16:21:42.195208+00:00,加藤純一うん〇ちゃん,Tomodachi Life: Living the Dream,43439,2026-05-11 13:02:32+00:00,13,16,11950.0,199.17,3.32
2026-05-11 16:21:42.195208+00:00,buster,Counter-Strike,37651,2026-05-11 12:53:08+00:00,12,16,12514.0,208.57,3.48
2026-05-11 16:21:42.195208+00:00,PGL,Counter-Strike,32693,2026-05-11 04:13:15+00:00,4,16,43707.0,728.45,12.14
2026-05-11 16:21:42.195208+00:00,ohnePixel,Counter-Strike,29769,2026-05-11 13:04:04+00:00,13,16,11858.0,197.63,3.29
2026-05-11 16:21:42.195208+00:00,hivise,Rocket League,24442,2026-05-11 14:04:54+00:00,14,16,8208.0,136.8,2.28
2026-05-11 16:21:42.195208+00:00,bySL4M,Counter-Strike,22260,2026-05-11 04:30:13+00:00,4,16,42689.0,711.48,11.86
2026-05-11 16:21:42.195208+00:00,cs2_paragon_ru,Counter-Strike,20357,2026-05-11 04:25:51+00:00,4,16,42951.0,715.85,11.93
2026-05-11 16:21:42.195208+00:00,dangerlyoha,IRL,16591,2026-05-11 12:02:48+00:00,12,16,15534.0,258.9,4.32
2026-05-11 16:21:42.195208+00:00,aospat,Just Chatting,16158,2026-05-11 12:47:38+00:00,12,16,12844.0,214.07,3.57
2026-05-11 16:21:42.195208+00:00,fps_shaka,League of Legends,15762,2026-05-11 11:04:07+00:00,11,16,19055.0,317.58,5.29
2026-05-11 16:21:42.195208+00:00,steel,IRL,10514,2026-05-11 12:14:52+00:00,12,16,14810.0,246.83,4.11
2026-05-11 16:21:42.195208+00:00,超負荷,Just Chatting,10408,2026-05-11 09:22:25+00:00,9,16,25157.0,419.28,6.99
2026-05-11 16:21:42.195208+00:00,cybersteffie,Software and Game Development,9228,2026-05-11 03:01:13+00:00,3,16,48029.0,800.48,13.34
2026-05-11 16:21:42.195208+00:00,SCHRADIN,Just Chatting,8395,2026-05-11 12:22:17+00:00,12,16,14365.0,239.42,3.99
2026-05-11 16:21:42.195208+00:00,Clemovitch,Just Chatting,8257,2026-05-11 10:37:54+00:00,10,16,20628.0,343.8,5.73
2026-05-11 16:21:42.195208+00:00,k4sen,League of Legends,8141,2026-05-11 10:20:40+00:00,10,16,21662.0,361.03,6.02
2026-05-11 16:21:42.195208+00:00,CohhCarnage,Death Stranding 2: On the Beach,8131,2026-05-11 11:40:44+00:00,11,16,16858.0,280.97,4.68
2026-05-11 16:21:42.195208+00:00,T2x2,Just Chatting,7510,2026-05-11 14:05:38+00:00,14,16,8164.0,136.07,2.27
2026-05-11 16:21:42.195208+00:00,NiklasWilson,Just Chatting,7155,2026-05-11 11:03:29+00:00,11,16,19093.0,318.22,5.3
2026-05-11 16:26:42.672648+00:00,StRoGo,Counter-Strike,57852,2026-05-11 07:13:59+00:00,7,16,33164.0,552.73,9.21
2026-05-11 16:26:42.672648+00:00,加藤純一うん〇ちゃん,Tomodachi Life: Living the Dream,43439,2026-05-11 13:02:32+00:00,13,16,12251.0,204.18,3.4
2026-05-11 16:26:42.672648+00:00,buster,Counter-Strike,41209,2026-05-11 12:53:08+00:00,12,16,12815.0,213.58,3.56
2026-05-11 16:26:42.672648+00:00,PGL,Counter-Strike,34944,2026-05-11 04:13:15+00:00,4,16,44008.0,733.47,12.22
2026-05-11 16:26:42.672648+00:00,ohnePixel,Counter-Strike,30525,2026-05-11 13:04:04+00:00,13,16,12159.0,202.65,3.38
2026-05-11 16:26:42.672648+00:00,bySL4M,Counter-Strike,27424,2026-05-11 04:30:13+00:00,4,16,42990.0,716.5,11.94
2026-05-11 16:26:42.672648+00:00,cs2_paragon_ru,Counter-Strike,25331,2026-05-11 04:25:51+00:00,4,16,43252.0,720.87,12.01
2026-05-11 16:26:42.672648+00:00,hivise,Rocket League,24442,2026-05-11 14:04:54+00:00,14,16,8509.0,141.82,2.36
2026-05-11 16:26:42.672648+00:00,aospat,Just Chatting,19473,2026-05-11 12:47:38+00:00,12,16,13145.0,219.08,3.65
2026-05-11 16:26:42.672648+00:00,dangerlyoha,IRL,16237,2026-05-11 12:02:48+00:00,12,16,15835.0,263.92,4.4
2026-05-11 16:26:42.672648+00:00,fps_shaka,League of Legends,15932,2026-05-11 11:04:07+00:00,11,16,19356.0,322.6,5.38
2026-05-11 16:26:42.672648+00:00,T2x2,Just Chatting,11020,2026-05-11 14:05:38+00:00,14,16,8465.0,141.08,2.35
2026-05-11 16:26:42.672648+00:00,超負荷,Just Chatting,10515,2026-05-11 09:22:25+00:00,9,16,25458.0,424.3,7.07
2026-05-11 16:26:42.672648+00:00,steel,IRL,10345,2026-05-11 12:14:52+00:00,12,16,15111.0,251.85,4.2
2026-05-11 16:26:42.672648+00:00,cybersteffie,Software and Game Development,9702,2026-05-11 03:01:13+00:00,3,16,48330.0,805.5,13.42
2026-05-11 16:26:42.672648+00:00,SCHRADIN,Just Chatting,8573,2026-05-11 12:22:17+00:00,12,16,14666.0,244.43,4.07
2026-05-11 16:26:42.672648+00:00,k4sen,League of Legends,8392,2026-05-11 10:20:40+00:00,10,16,21963.0,366.05,6.1
2026-05-11 16:26:42.672648+00:00,Clemovitch,Just Chatting,8155,2026-05-11 10:37:54+00:00,10,16,20929.0,348.82,5.81
2026-05-11 16:26:42.672648+00:00,CohhCarnage,Death Stranding 2: On the Beach,8131,2026-05-11 11:40:44+00:00,11,16,17159.0,285.98,4.77
2026-05-11 16:26:42.672648+00:00,NiklasWilson,Just Chatting,7316,2026-05-11 11:03:29+00:00,11,16,19394.0,323.23,5.39
2026-05-11 16:31:43.151430+00:00,StRoGo,Counter-Strike,61587,2026-05-11 07:13:59+00:00,7,16,33464.0,557.73,9.3
2026-05-11 16:31:43.151430+00:00,加藤純一うん〇ちゃん,Tomodachi Life: Living the Dream,44050,2026-05-11 13:02:32+00:00,13,16,12551.0,209.18,3.49
2026-05-11 16:31:43.151430+00:00,buster,Counter-Strike,43121,2026-05-11 12:53:08+00:00,12,16,13115.0,218.58,3.64
2026-05-11 16:31:43.151430+00:00,PGL,Counter-Strike,36302,2026-05-11 04:13:15+00:00,4,16,44308.0,738.47,12.31
2026-05-11 16:31:43.151430+00:00,ohnePixel,Counter-Strike,31364,2026-05-11 13:04:04+00:00,13,16,12459.0,207.65,3.46
2026-05-11 16:31:43.151430+00:00,bySL4M,Counter-Strike,28208,2026-05-11 04:30:13+00:00,4,16,43290.0,721.5,12.02
2026-05-11 16:31:43.151430+00:00,cs2_paragon_ru,Counter-Strike,25954,2026-05-11 04:25:51+00:00,4,16,43552.0,725.87,12.1
2026-05-11 16:31:43.151430+00:00,hivise,Rocket League,24959,2026-05-11 14:04:54+00:00,14,16,8809.0,146.82,2.45
2026-05-11 16:31:43.151430+00:00,fps_shaka,League of Legends,17011,2026-05-11 11:04:07+00:00,11,16,19656.0,327.6,5.46
2026-05-11 16:31:43.151430+00:00,dangerlyoha,IRL,16717,2026-05-11 12:02:48+00:00,12,16,16135.0,268.92,4.48
2026-05-11 16:31:43.151430+00:00,aospat,Just Chatting,14832,2026-05-11 12:47:38+00:00,12,16,13445.0,224.08,3.73
2026-05-11 16:31:43.151430+00:00,超負荷,Just Chatting,10670,2026-05-11 09:22:25+00:00,9,16,25758.0,429.3,7.16
2026-05-11 16:31:43.151430+00:00,steel,IRL,10459,2026-05-11 12:14:52+00:00,12,16,15411.0,256.85,4.28
2026-05-11 16:31:43.151430+00:00,cybersteffie,Software and Game Development,9702,2026-05-11 03:01:13+00:00,3,16,48630.0,810.5,13.51
2026-05-11 16:31:43.151430+00:00,T2x2,Just Chatting,9637,2026-05-11 14:05:38+00:00,14,16,8765.0,146.08,2.43
2026-05-11 16:31:43.151430+00:00,SCHRADIN,Just Chatting,8869,2026-05-11 12:22:17+00:00,12,16,14966.0,249.43,4.16
2026-05-11 16:31:43.151430+00:00,CohhCarnage,Death Stranding 2: On the Beach,8131,2026-05-11 11:40:44+00:00,11,16,17459.0,290.98,4.85
2026-05-11 16:31:43.151430+00:00,Clemovitch,Just Chatting,8051,2026-05-11 10:37:54+00:00,10,16,21229.0,353.82,5.9
2026-05-11 16:31:43.151430+00:00,NiklasWilson,Just Chatting,7616,2026-05-11 11:03:29+00:00,11,16,19694.0,328.23,5.47
2026-05-11 16:31:43.151430+00:00,たいじ_たいちゃんねる,EA Sports UFC 5,6900,2026-05-11 07:19:01+00:00,7,16,33162.0,552.7,9.21
2026-05-11 16:36:43.598949+00:00,StRoGo,Counter-Strike,62603,2026-05-11 07:13:59+00:00,7,16,33765.0,562.75,9.38
2026-05-11 16:36:43.598949+00:00,加藤純一うん〇ちゃん,Tomodachi Life: Living the Dream,45338,2026-05-11 13:02:32+00:00,13,16,12852.0,214.2,3.57
2026-05-11 16:36:43.598949+00:00,buster,Counter-Strike,44119,2026-05-11 12:53:08+00:00,12,16,13416.0,223.6,3.73
2026-05-11 16:36:43.598949+00:00,PGL,Counter-Strike,37075,2026-05-11 04:13:15+00:00,4,16,44609.0,743.48,12.39
2026-05-11 16:36:43.598949+00:00,ohnePixel,Counter-Strike,32380,2026-05-11 13:04:04+00:00,13,16,12760.0,212.67,3.54
2026-05-11 16:36:43.598949+00:00,aospat,Just Chatting,29810,2026-05-11 12:47:38+00:00,12,16,13746.0,229.1,3.82
2026-05-11 16:36:43.598949+00:00,bySL4M,Counter-Strike,29103,2026-05-11 04:30:13+00:00,4,16,43591.0,726.52,12.11
2026-05-11 16:36:43.598949+00:00,cs2_paragon_ru,Counter-Strike,27576,2026-05-11 04:25:51+00:00,4,16,43853.0,730.88,12.18
2026-05-11 16:36:43.598949+00:00,hivise,Rocket League,25129,2026-05-11 14:04:54+00:00,14,16,9110.0,151.83,2.53
2026-05-11 16:36:43.598949+00:00,fps_shaka,League of Legends,17011,2026-05-11 11:04:07+00:00,11,16,19957.0,332.62,5.54
2026-05-11 16:36:43.598949+00:00,dangerlyoha,IRL,15900,2026-05-11 12:02:48+00:00,12,16,16436.0,273.93,4.57
2026-05-11 16:36:43.598949+00:00,超負荷,Bow-wow Battle,10913,2026-05-11 09:22:25+00:00,9,16,26059.0,434.32,7.24
2026-05-11 16:36:43.598949+00:00,steel,IRL,10290,2026-05-11 12:14:52+00:00,12,16,15712.0,261.87,4.36
2026-05-11 16:36:43.598949+00:00,T2x2,Just Chatting,9826,2026-05-11 14:05:38+00:00,14,16,9066.0,151.1,2.52
2026-05-11 16:36:43.598949+00:00,cybersteffie,Software and Game Development,9706,2026-05-11 03:01:13+00:00,3,16,48931.0,815.52,13.59
2026-05-11 16:36:43.598949+00:00,SCHRADIN,Just Chatting,9054,2026-05-11 12:22:17+00:00,12,16,15267.0,254.45,4.24
2026-05-11 16:36:43.598949+00:00,CohhCarnage,Death Stranding 2: On the Beach,8131,2026-05-11 11:40:44+00:00,11,16,17760.0,296.0,4.93
2026-05-11 16:36:43.598949+00:00,Clemovitch,Just Chatting,7959,2026-05-11 10:37:54+00:00,10,16,21530.0,358.83,5.98
2026-05-11 16:36:43.598949+00:00,NiklasWilson,Just Chatting,7787,2026-05-11 11:03:29+00:00,11,16,19995.0,333.25,5.55
2026-05-11 16:36:43.598949+00:00,isxbell14,Just Chatting,7209,2026-05-11 13:45:07+00:00,13,16,10297.0,171.62,2.86
2026-05-11 16:41:44.029153+00:00,StRoGo,Counter-Strike,65169,2026-05-11 07:13:59+00:00,7,16,34065.0,567.75,9.46
2026-05-11 16:41:44.029153+00:00,加藤純一うん〇ちゃん,Tomodachi Life: Living the Dream,45874,2026-05-11 13:02:32+00:00,13,16,13152.0,219.2,3.65
2026-05-11 16:41:44.029153+00:00,buster,Counter-Strike,45324,2026-05-11 12:53:08+00:00,12,16,13716.0,228.6,3.81
2026-05-11 16:41:44.029153+00:00,PGL,Counter-Strike,38243,2026-05-11 04:13:15+00:00,4,16,44909.0,748.48,12.47
2026-05-11 16:41:44.029153+00:00,ohnePixel,Counter-Strike,33240,2026-05-11 13:04:04+00:00,13,16,13060.0,217.67,3.63
2026-05-11 16:41:44.029153+00:00,bySL4M,Counter-Strike,29810,2026-05-11 04:30:13+00:00,4,16,43891.0,731.52,12.19
2026-05-11 16:41:44.029153+00:00,cs2_paragon_ru,Counter-Strike,28133,2026-05-11 04:25:51+00:00,4,16,44153.0,735.88,12.26
2026-05-11 16:41:44.029153+00:00,hivise,Rocket League,26659,2026-05-11 14:04:54+00:00,14,16,9410.0,156.83,2.61
2026-05-11 16:41:44.029153+00:00,fps_shaka,League of Legends,19979,2026-05-11 11:04:07+00:00,11,16,20257.0,337.62,5.63
2026-05-11 16:41:44.029153+00:00,aospat,Just Chatting,18387,2026-05-11 12:47:38+00:00,12,16,14046.0,234.1,3.9
2026-05-11 16:41:44.029153+00:00,dangerlyoha,IRL,16062,2026-05-11 12:02:48+00:00,12,16,16736.0,278.93,4.65
2026-05-11 16:41:44.029153+00:00,超負荷,Bow-wow Battle,11103,2026-05-11 09:22:25+00:00,9,16,26359.0,439.32,7.32
2026-05-11 16:41:44.029153+00:00,steel,IRL,10469,2026-05-11 12:14:52+00:00,12,16,16012.0,266.87,4.45
2026-05-11 16:41:44.029153+00:00,T2x2,Just Chatting,10192,2026-05-11 14:05:38+00:00,14,16,9366.0,156.1,2.6
2026-05-11 16:41:44.029153+00:00,cybersteffie,Software and Game Development,9927,2026-05-11 03:01:13+00:00,3,16,49231.0,820.52,13.68
2026-05-11 16:41:44.029153+00:00,SCHRADIN,Just Chatting,9322,2026-05-11 12:22:17+00:00,12,16,15567.0,259.45,4.32
2026-05-11 16:41:44.029153+00:00,MartinCirioOk,Just Chatting,8576,2026-05-11 14:24:58+00:00,14,16,8206.0,136.77,2.28
2026-05-11 16:41:44.029153+00:00,CohhCarnage,Death Stranding 2: On the Beach,8131,2026-05-11 11:40:44+00:00,11,16,18060.0,301.0,5.02
2026-05-11 16:41:44.029153+00:00,NiklasWilson,Just Chatting,7999,2026-05-11 11:03:29+00:00,11,16,20295.0,338.25,5.64
2026-05-11 16:41:44.029153+00:00,Clemovitch,Just Chatting,7723,2026-05-11 10:37:54+00:00,10,16,21830.0,363.83,6.06
2026-05-11 16:46:44.483363+00:00,StRoGo,Counter-Strike,64477,2026-05-11 07:13:59+00:00,7,16,34365.0,572.75,9.55
2026-05-11 16:46:44.483363+00:00,加藤純一うん〇ちゃん,Tomodachi Life: Living the Dream,46963,2026-05-11 13:02:32+00:00,13,16,13452.0,224.2,3.74
2026-05-11 16:46:44.483363+00:00,buster,Counter-Strike,46052,2026-05-11 12:53:08+00:00,12,16,14016.0,233.6,3.89
2026-05-11 16:46:44.483363+00:00,PGL,Counter-Strike,38825,2026-05-11 04:13:15+00:00,4,16,45209.0,753.48,12.56
2026-05-11 16:46:44.483363+00:00,ohnePixel,Counter-Strike,34244,2026-05-11 13:04:04+00:00,13,16,13360.0,222.67,3.71
2026-05-11 16:46:44.483363+00:00,bySL4M,Counter-Strike,30848,2026-05-11 04:30:13+00:00,4,16,44191.0,736.52,12.28
2026-05-11 16:46:44.483363+00:00,cs2_paragon_ru,Counter-Strike,28435,2026-05-11 04:25:51+00:00,4,16,44453.0,740.88,12.35
2026-05-11 16:46:44.483363+00:00,hivise,Rocket League,24465,2026-05-11 14:04:54+00:00,14,16,9710.0,161.83,2.7
2026-05-11 16:46:44.483363+00:00,fps_shaka,League of Legends,17366,2026-05-11 11:04:07+00:00,11,16,20557.0,342.62,5.71
2026-05-11 16:46:44.483363+00:00,dangerlyoha,IRL,16406,2026-05-11 12:02:48+00:00,12,16,17036.0,283.93,4.73
2026-05-11 16:46:44.483363+00:00,超負荷,Bow-wow Battle,11292,2026-05-11 09:22:25+00:00,9,16,26659.0,444.32,7.41
2026-05-11 16:46:44.483363+00:00,steel,IRL,11001,2026-05-11 12:14:52+00:00,12,16,16312.0,271.87,4.53
2026-05-11 16:46:44.483363+00:00,T2x2,Just Chatting,10568,2026-05-11 14:05:38+00:00,14,16,9666.0,161.1,2.68
2026-05-11 16:46:44.483363+00:00,SCHRADIN,Just Chatting,10060,2026-05-11 12:22:17+00:00,12,16,15867.0,264.45,4.41
2026-05-11 16:46:44.483363+00:00,cybersteffie,Software and Game Development,9927,2026-05-11 03:01:13+00:00,3,16,49531.0,825.52,13.76
2026-05-11 16:46:44.483363+00:00,MartinCirioOk,Just Chatting,9419,2026-05-11 14:24:58+00:00,14,16,8506.0,141.77,2.36
2026-05-11 16:46:44.483363+00:00,NiklasWilson,Just Chatting,7841,2026-05-11 11:03:29+00:00,11,16,20595.0,343.25,5.72
2026-05-11 16:46:44.483363+00:00,Gotaga,VALORANT,7473,2026-05-11 12:41:41+00:00,12,16,14703.0,245.05,4.08
2026-05-11 16:46:44.483363+00:00,Fabo,Minecraft,7342,2026-05-11 09:26:24+00:00,9,16,26420.0,440.33,7.34
2026-05-11 16:46:44.483363+00:00,NoWay4u_Sir,Just Chatting,7163,2026-05-11 13:15:51+00:00,13,16,12653.0,210.88,3.51
2026-05-11 16:51:44.938416+00:00,StRoGo,Counter-Strike,65495,2026-05-11 07:13:59+00:00,7,16,34666.0,577.77,9.63
2026-05-11 16:51:44.938416+00:00,加藤純一うん〇ちゃん,Tomodachi Life: Living the Dream,47621,2026-05-11 13:02:32+00:00,13,16,13753.0,229.22,3.82
2026-05-11 16:51:44.938416+00:00,buster,Counter-Strike,47070,2026-05-11 12:53:08+00:00,12,16,14317.0,238.62,3.98
2026-05-11 16:51:44.938416+00:00,PGL,Counter-Strike,39644,2026-05-11 04:13:15+00:00,4,16,45510.0,758.5,12.64
2026-05-11 16:51:44.938416+00:00,ohnePixel,Counter-Strike,35220,2026-05-11 13:04:04+00:00,13,16,13661.0,227.68,3.79
2026-05-11 16:51:44.938416+00:00,bySL4M,Counter-Strike,31383,2026-05-11 04:30:13+00:00,4,16,44492.0,741.53,12.36
2026-05-11 16:51:44.938416+00:00,cs2_paragon_ru,Counter-Strike,28966,2026-05-11 04:25:51+00:00,4,16,44754.0,745.9,12.43
2026-05-11 16:51:44.938416+00:00,hivise,Rocket League,24802,2026-05-11 14:04:54+00:00,14,16,10011.0,166.85,2.78
2026-05-11 16:51:44.938416+00:00,fps_shaka,League of Legends,17176,2026-05-11 11:04:07+00:00,11,16,20858.0,347.63,5.79
2026-05-11 16:51:44.938416+00:00,dangerlyoha,IRL,16406,2026-05-11 12:02:48+00:00,12,16,17337.0,288.95,4.82
2026-05-11 16:51:44.938416+00:00,超負荷,Bow-wow Battle,11445,2026-05-11 09:22:25+00:00,9,16,26960.0,449.33,7.49
2026-05-11 16:51:44.938416+00:00,steel,IRL,11034,2026-05-11 12:14:52+00:00,12,16,16613.0,276.88,4.61
2026-05-11 16:51:44.938416+00:00,T2x2,Just Chatting,11033,2026-05-11 14:05:38+00:00,14,16,9967.0,166.12,2.77
2026-05-11 16:51:44.938416+00:00,cybersteffie,Software and Game Development,10186,2026-05-11 03:01:13+00:00,3,16,49832.0,830.53,13.84
2026-05-11 16:51:44.938416+00:00,MartinCirioOk,Just Chatting,10169,2026-05-11 14:24:58+00:00,14,16,8807.0,146.78,2.45
2026-05-11 16:51:44.938416+00:00,SCHRADIN,Just Chatting,9620,2026-05-11 12:22:17+00:00,12,16,16168.0,269.47,4.49
2026-05-11 16:51:44.938416+00:00,CohhCarnage,Death Stranding 2: On the Beach,8042,2026-05-11 11:40:44+00:00,11,16,18661.0,311.02,5.18
2026-05-11 16:51:44.938416+00:00,NiklasWilson,Just Chatting,8041,2026-05-11 11:03:29+00:00,11,16,20896.0,348.27,5.8
2026-05-11 16:51:44.938416+00:00,Gotaga,VALORANT,7373,2026-05-11 12:41:41+00:00,12,16,15004.0,250.07,4.17
2026-05-11 16:51:44.938416+00:00,NoWay4u_Sir,Just Chatting,7240,2026-05-11 13:15:51+00:00,13,16,12954.0,215.9,3.6
2026-05-11 16:56:45.407898+00:00,StRoGo,Counter-Strike,67526,2026-05-11 07:13:59+00:00,7,16,34966.0,582.77,9.71
2026-05-11 16:56:45.407898+00:00,buster,Counter-Strike,48117,2026-05-11 12:53:08+00:00,12,16,14617.0,243.62,4.06
2026-05-11 16:56:45.407898+00:00,加藤純一うん〇ちゃん,Tomodachi Life: Living the Dream,47230,2026-05-11 13:02:32+00:00,13,16,14053.0,234.22,3.9
2026-05-11 16:56:45.407898+00:00,PGL,Counter-Strike,40690,2026-05-11 04:13:15+00:00,4,16,45810.0,763.5,12.72
2026-05-11 16:56:45.407898+00:00,ohnePixel,Counter-Strike,35701,2026-05-11 13:04:04+00:00,13,16,13961.0,232.68,3.88
2026-05-11 16:56:45.407898+00:00,bySL4M,Counter-Strike,32056,2026-05-11 04:30:13+00:00,4,16,44792.0,746.53,12.44
2026-05-11 16:56:45.407898+00:00,cs2_paragon_ru,Counter-Strike,29371,2026-05-11 04:25:51+00:00,4,16,45054.0,750.9,12.52
2026-05-11 16:56:45.407898+00:00,hivise,Rocket League,24681,2026-05-11 14:04:54+00:00,14,16,10311.0,171.85,2.86
2026-05-11 16:56:45.407898+00:00,fps_shaka,League of Legends,17176,2026-05-11 11:04:07+00:00,11,16,21158.0,352.63,5.88
2026-05-11 16:56:45.407898+00:00,dangerlyoha,IRL,16218,2026-05-11 12:02:48+00:00,12,16,17637.0,293.95,4.9
2026-05-11 16:56:45.407898+00:00,超負荷,Bow-wow Battle,11862,2026-05-11 09:22:25+00:00,9,16,27260.0,454.33,7.57
2026-05-11 16:56:45.407898+00:00,steel,IRL,11208,2026-05-11 12:14:52+00:00,12,16,16913.0,281.88,4.7
2026-05-11 16:56:45.407898+00:00,T2x2,Just Chatting,11033,2026-05-11 14:05:38+00:00,14,16,10267.0,171.12,2.85
2026-05-11 16:56:45.407898+00:00,MartinCirioOk,Just Chatting,10820,2026-05-11 14:24:58+00:00,14,16,9107.0,151.78,2.53
2026-05-11 16:56:45.407898+00:00,cybersteffie,Software and Game Development,10066,2026-05-11 03:01:13+00:00,3,16,50132.0,835.53,13.93
2026-05-11 16:56:45.407898+00:00,SCHRADIN,Just Chatting,10048,2026-05-11 12:22:17+00:00,12,16,16468.0,274.47,4.57
2026-05-11 16:56:45.407898+00:00,NiklasWilson,Just Chatting,8236,2026-05-11 11:03:29+00:00,11,16,21196.0,353.27,5.89
2026-05-11 16:56:45.407898+00:00,CohhCarnage,Death Stranding 2: On the Beach,8042,2026-05-11 11:40:44+00:00,11,16,18961.0,316.02,5.27
2026-05-11 16:56:45.407898+00:00,NoWay4u_Sir,Just Chatting,7320,2026-05-11 13:15:51+00:00,13,16,13254.0,220.9,3.68
2026-05-11 16:56:45.407898+00:00,Gotaga,VALORANT,7135,2026-05-11 12:41:41+00:00,12,16,15304.0,255.07,4.25
2026-05-11 17:01:45.858104+00:00,StRoGo,Counter-Strike,69461,2026-05-11 07:13:59+00:00,7,17,35267.0,587.78,9.8
2026-05-11 17:01:45.858104+00:00,buster,Counter-Strike,48833,2026-05-11 12:53:08+00:00,12,17,14918.0,248.63,4.14
2026-05-11 17:01:45.858104+00:00,加藤純一うん〇ちゃん,Tomodachi Life: Living the Dream,47230,2026-05-11 13:02:32+00:00,13,17,14354.0,239.23,3.99
2026-05-11 17:01:45.858104+00:00,PGL,Counter-Strike,41958,2026-05-11 04:13:15+00:00,4,17,46111.0,768.52,12.81
2026-05-11 17:01:45.858104+00:00,ohnePixel,Counter-Strike,36692,2026-05-11 13:04:04+00:00,13,17,14262.0,237.7,3.96
2026-05-11 17:01:45.858104+00:00,bySL4M,Counter-Strike,36364,2026-05-11 04:30:13+00:00,4,17,45093.0,751.55,12.53
2026-05-11 17:01:45.858104+00:00,cs2_paragon_ru,Counter-Strike,29853,2026-05-11 04:25:51+00:00,4,17,45355.0,755.92,12.6
2026-05-11 17:01:45.858104+00:00,iaspod,,28251,2026-05-11 14:57:23+00:00,14,17,7463.0,124.38,2.07
2026-05-11 17:01:45.858104+00:00,hivise,Rocket League,25075,2026-05-11 14:04:54+00:00,14,17,10612.0,176.87,2.95
2026-05-11 17:01:45.858104+00:00,fps_shaka,League of Legends,17355,2026-05-11 11:04:07+00:00,11,17,21459.0,357.65,5.96
2026-05-11 17:01:45.858104+00:00,dangerlyoha,IRL,15970,2026-05-11 12:02:48+00:00,12,17,17938.0,298.97,4.98
2026-05-11 17:01:45.858104+00:00,MartinCirioOk,Just Chatting,11792,2026-05-11 14:24:58+00:00,14,17,9408.0,156.8,2.61
2026-05-11 17:01:45.858104+00:00,steel,IRL,11517,2026-05-11 12:14:52+00:00,12,17,17214.0,286.9,4.78
2026-05-11 17:01:45.858104+00:00,超負荷,Just Chatting,11373,2026-05-11 09:22:25+00:00,9,17,27561.0,459.35,7.66
2026-05-11 17:01:45.858104+00:00,T2x2,Just Chatting,11177,2026-05-11 14:05:38+00:00,14,17,10568.0,176.13,2.94
2026-05-11 17:01:45.858104+00:00,SCHRADIN,Just Chatting,10156,2026-05-11 12:22:17+00:00,12,17,16769.0,279.48,4.66
2026-05-11 17:01:45.858104+00:00,cybersteffie,Software and Game Development,9385,2026-05-11 03:01:13+00:00,3,17,50433.0,840.55,14.01
2026-05-11 17:01:45.858104+00:00,NiklasWilson,Just Chatting,8521,2026-05-11 11:03:29+00:00,11,17,21497.0,358.28,5.97
2026-05-11 17:01:45.858104+00:00,CohhCarnage,Death Stranding 2: On the Beach,8042,2026-05-11 11:40:44+00:00,11,17,19262.0,321.03,5.35
2026-05-11 17:01:45.858104+00:00,NoWay4u_Sir,Just Chatting,7472,2026-05-11 13:15:51+00:00,13,17,13555.0,225.92,3.77
2026-05-11 17:06:46.330294+00:00,StRoGo,Counter-Strike,70627,2026-05-11 07:13:59+00:00,7,17,35567.0,592.78,9.88
2026-05-11 17:06:46.330294+00:00,buster,Counter-Strike,49586,2026-05-11 12:53:08+00:00,12,17,15218.0,253.63,4.23
2026-05-11 17:06:46.330294+00:00,加藤純一うん〇ちゃん,Tomodachi Life: Living the Dream,48000,2026-05-11 13:02:32+00:00,13,17,14654.0,244.23,4.07
2026-05-11 17:06:46.330294+00:00,PGL,Counter-Strike,43175,2026-05-11 04:13:15+00:00,4,17,46411.0,773.52,12.89
2026-05-11 17:06:46.330294+00:00,ohnePixel,Counter-Strike,37396,2026-05-11 13:04:04+00:00,13,17,14562.0,242.7,4.04
2026-05-11 17:06:46.330294+00:00,bySL4M,Counter-Strike,33006,2026-05-11 04:30:13+00:00,4,17,45393.0,756.55,12.61
2026-05-11 17:06:46.330294+00:00,iaspod,,29044,2026-05-11 14:57:23+00:00,14,17,7763.0,129.38,2.16
2026-05-11 17:06:46.330294+00:00,cs2_paragon_ru,Counter-Strike,29007,2026-05-11 04:25:51+00:00,4,17,45655.0,760.92,12.68
2026-05-11 17:06:46.330294+00:00,hivise,Rocket League,26044,2026-05-11 14:04:54+00:00,14,17,10912.0,181.87,3.03
2026-05-11 17:06:46.330294+00:00,fps_shaka,League of Legends,17355,2026-05-11 11:04:07+00:00,11,17,21759.0,362.65,6.04
2026-05-11 17:06:46.330294+00:00,dangerlyoha,IRL,15970,2026-05-11 12:02:48+00:00,12,17,18238.0,303.97,5.07
2026-05-11 17:06:46.330294+00:00,MartinCirioOk,Just Chatting,12583,2026-05-11 14:24:58+00:00,14,17,9708.0,161.8,2.7
2026-05-11 17:06:46.330294+00:00,steel,IRL,11352,2026-05-11 12:14:52+00:00,12,17,17514.0,291.9,4.86
2026-05-11 17:06:46.330294+00:00,T2x2,Just Chatting,11296,2026-05-11 14:05:38+00:00,14,17,10868.0,181.13,3.02
2026-05-11 17:06:46.330294+00:00,超負荷,Bow-wow Battle,11125,2026-05-11 09:22:25+00:00,9,17,27861.0,464.35,7.74
2026-05-11 17:06:46.330294+00:00,SCHRADIN,Just Chatting,10663,2026-05-11 12:22:17+00:00,12,17,17069.0,284.48,4.74
2026-05-11 17:06:46.330294+00:00,CohhCarnage,Death Stranding 2: On the Beach,8042,2026-05-11 11:40:44+00:00,11,17,19562.0,326.03,5.43
2026-05-11 17:06:46.330294+00:00,NoWay4u_Sir,Just Chatting,7564,2026-05-11 13:15:51+00:00,13,17,13855.0,230.92,3.85
2026-05-11 17:06:46.330294+00:00,GENSYXA,Just Chatting,7143,2026-05-11 14:26:08+00:00,14,17,9638.0,160.63,2.68
2026-05-11 17:06:46.330294+00:00,Gotaga,VALORANT,6993,2026-05-11 12:41:41+00:00,12,17,15905.0,265.08,4.42
2026-05-11 17:11:46.795989+00:00,StRoGo,Counter-Strike,72729,2026-05-11 07:13:59+00:00,7,17,35868.0,597.8,9.96
2026-05-11 17:11:46.795989+00:00,buster,Counter-Strike,51336,2026-05-11 12:53:08+00:00,12,17,15519.0,258.65,4.31
2026-05-11 17:11:46.795989+00:00,加藤純一うん〇ちゃん,Tomodachi Life: Living the Dream,47084,2026-05-11 13:02:32+00:00,13,17,14955.0,249.25,4.15
2026-05-11 17:11:46.795989+00:00,PGL,Counter-Strike,44819,2026-05-11 04:13:15+00:00,4,17,46712.0,778.53,12.98
2026-05-11 17:11:46.795989+00:00,ohnePixel,Counter-Strike,38228,2026-05-11 13:04:04+00:00,13,17,14863.0,247.72,4.13
2026-05-11 17:11:46.795989+00:00,bySL4M,Counter-Strike,34639,2026-05-11 04:30:13+00:00,4,17,45694.0,761.57,12.69
2026-05-11 17:11:46.795989+00:00,cs2_paragon_ru,Counter-Strike,30383,2026-05-11 04:25:51+00:00,4,17,45956.0,765.93,12.77
2026-05-11 17:11:46.795989+00:00,hivise,Rocket League,25118,2026-05-11 14:04:54+00:00,14,17,11213.0,186.88,3.11
2026-05-11 17:11:46.795989+00:00,fps_shaka,League of Legends,17719,2026-05-11 11:04:07+00:00,11,17,22060.0,367.67,6.13
2026-05-11 17:11:46.795989+00:00,dangerlyoha,IRL,15774,2026-05-11 12:02:48+00:00,12,17,18539.0,308.98,5.15
2026-05-11 17:11:46.795989+00:00,MartinCirioOk,Just Chatting,13079,2026-05-11 14:24:58+00:00,14,17,10009.0,166.82,2.78
2026-05-11 17:11:46.795989+00:00,SCHRADIN,Just Chatting,12975,2026-05-11 12:22:17+00:00,12,17,17370.0,289.5,4.82
2026-05-11 17:11:46.795989+00:00,steel,IRL,11573,2026-05-11 12:14:52+00:00,12,17,17815.0,296.92,4.95
2026-05-11 17:11:46.795989+00:00,T2x2,Just Chatting,11564,2026-05-11 14:05:38+00:00,14,17,11169.0,186.15,3.1
2026-05-11 17:11:46.795989+00:00,超負荷,Bow-wow Battle,10997,2026-05-11 09:22:25+00:00,9,17,28162.0,469.37,7.82
2026-05-11 17:11:46.795989+00:00,CohhCarnage,Death Stranding 2: On the Beach,8042,2026-05-11 11:40:44+00:00,11,17,19863.0,331.05,5.52
2026-05-11 17:11:46.795989+00:00,NoWay4u_Sir,Just Chatting,7657,2026-05-11 13:15:51+00:00,13,17,14156.0,235.93,3.93
2026-05-11 17:11:46.795989+00:00,Distortion2,Dark Souls: Remastered,6998,2026-05-11 12:50:55+00:00,12,17,15652.0,260.87,4.35
2026-05-11 17:11:46.795989+00:00,GENSYXA,Just Chatting,6969,2026-05-11 14:26:08+00:00,14,17,9939.0,165.65,2.76
2026-05-11 17:11:46.795989+00:00,Gotaga,VALORANT,6847,2026-05-11 12:41:41+00:00,12,17,16206.0,270.1,4.5
2026-05-11 17:16:47.249316+00:00,StRoGo,Counter-Strike,77841,2026-05-11 07:13:59+00:00,7,17,36168.0,602.8,10.05
2026-05-11 17:16:47.249316+00:00,buster,Counter-Strike,54586,2026-05-11 12:53:08+00:00,12,17,15819.0,263.65,4.39
2026-05-11 17:16:47.249316+00:00,加藤純一うん〇ちゃん,Tomodachi Life: Living the Dream,47084,2026-05-11 13:02:32+00:00,13,17,15255.0,254.25,4.24
2026-05-11 17:16:47.249316+00:00,PGL,Counter-Strike,46430,2026-05-11 04:13:15+00:00,4,17,47012.0,783.53,13.06
2026-05-11 17:16:47.249316+00:00,ohnePixel,Counter-Strike,40065,2026-05-11 13:04:04+00:00,13,17,15163.0,252.72,4.21
2026-05-11 17:16:47.249316+00:00,bySL4M,Counter-Strike,35821,2026-05-11 04:30:13+00:00,4,17,45994.0,766.57,12.78
2026-05-11 17:16:47.249316+00:00,cs2_paragon_ru,Counter-Strike,28569,2026-05-11 04:25:51+00:00,4,17,46256.0,770.93,12.85
2026-05-11 17:16:47.249316+00:00,hivise,Rocket League,24310,2026-05-11 14:04:54+00:00,14,17,11513.0,191.88,3.2
2026-05-11 17:16:47.249316+00:00,fps_shaka,League of Legends,17945,2026-05-11 11:04:07+00:00,11,17,22360.0,372.67,6.21
2026-05-11 17:16:47.249316+00:00,dangerlyoha,IRL,16069,2026-05-11 12:02:48+00:00,12,17,18839.0,313.98,5.23
2026-05-11 17:16:47.249316+00:00,MartinCirioOk,Just Chatting,13710,2026-05-11 14:24:58+00:00,14,17,10309.0,171.82,2.86
2026-05-11 17:16:47.249316+00:00,SCHRADIN,Just Chatting,12169,2026-05-11 12:22:17+00:00,12,17,17670.0,294.5,4.91
2026-05-11 17:16:47.249316+00:00,T2x2,Just Chatting,11969,2026-05-11 14:05:38+00:00,14,17,11469.0,191.15,3.19
2026-05-11 17:16:47.249316+00:00,steel,IRL,11779,2026-05-11 12:14:52+00:00,12,17,18115.0,301.92,5.03
2026-05-11 17:16:47.249316+00:00,CohhCarnage,Death Stranding 2: On the Beach,8125,2026-05-11 11:40:44+00:00,11,17,20163.0,336.05,5.6
2026-05-11 17:16:47.249316+00:00,zarbex,Just Chatting,7658,2026-05-11 15:03:28+00:00,15,17,7999.0,133.32,2.22
2026-05-11 17:16:47.249316+00:00,NoWay4u_Sir,Just Chatting,7562,2026-05-11 13:15:51+00:00,13,17,14456.0,240.93,4.02
2026-05-11 17:16:47.249316+00:00,Distortion2,Dark Souls: Remastered,7165,2026-05-11 12:50:55+00:00,12,17,15952.0,265.87,4.43
2026-05-11 17:16:47.249316+00:00,ControCalcio__,Sports,7145,2026-05-11 14:01:44+00:00,14,17,11703.0,195.05,3.25
2026-05-11 17:16:47.249316+00:00,GENSYXA,Just Chatting,7041,2026-05-11 14:26:08+00:00,14,17,10239.0,170.65,2.84
2026-05-11 17:21:47.704950+00:00,StRoGo,Counter-Strike,78660,2026-05-11 07:13:59+00:00,7,17,36469.0,607.82,10.13
2026-05-11 17:21:47.704950+00:00,buster,Counter-Strike,55135,2026-05-11 12:53:08+00:00,12,17,16120.0,268.67,4.48
2026-05-11 17:21:47.704950+00:00,加藤純一うん〇ちゃん,Tomodachi Life: Living the Dream,47569,2026-05-11 13:02:32+00:00,13,17,15556.0,259.27,4.32
2026-05-11 17:21:47.704950+00:00,PGL,Counter-Strike,46430,2026-05-11 04:13:15+00:00,4,17,47313.0,788.55,13.14
2026-05-11 17:21:47.704950+00:00,ohnePixel,Counter-Strike,40993,2026-05-11 13:04:04+00:00,13,17,15464.0,257.73,4.3
2026-05-11 17:21:47.704950+00:00,bySL4M,Counter-Strike,36108,2026-05-11 04:30:13+00:00,4,17,46295.0,771.58,12.86
2026-05-11 17:21:47.704950+00:00,iaspod,,28981,2026-05-11 15:15:56+00:00,15,17,7552.0,125.87,2.1
2026-05-11 17:21:47.704950+00:00,hivise,Rocket League,25161,2026-05-11 14:04:54+00:00,14,17,11814.0,196.9,3.28
2026-05-11 17:21:47.704950+00:00,cs2_paragon_ru,Counter-Strike,22970,2026-05-11 04:25:51+00:00,4,17,46557.0,775.95,12.93
2026-05-11 17:21:47.704950+00:00,fps_shaka,League of Legends,17945,2026-05-11 11:04:07+00:00,11,17,22661.0,377.68,6.29
2026-05-11 17:21:47.704950+00:00,dangerlyoha,IRL,15927,2026-05-11 12:02:48+00:00,12,17,19140.0,319.0,5.32
2026-05-11 17:21:47.704950+00:00,MartinCirioOk,Just Chatting,14098,2026-05-11 14:24:58+00:00,14,17,10610.0,176.83,2.95
2026-05-11 17:21:47.704950+00:00,RavshanN,IRL,12857,2026-05-11 15:16:13+00:00,15,17,7535.0,125.58,2.09
2026-05-11 17:21:47.704950+00:00,T2x2,Just Chatting,11836,2026-05-11 14:05:38+00:00,14,17,11770.0,196.17,3.27
2026-05-11 17:21:47.704950+00:00,SCHRADIN,Just Chatting,11575,2026-05-11 12:22:17+00:00,12,17,17971.0,299.52,4.99
2026-05-11 17:21:47.704950+00:00,zarbex,Just Chatting,9624,2026-05-11 15:03:28+00:00,15,17,8300.0,138.33,2.31
2026-05-11 17:21:47.704950+00:00,CohhCarnage,Death Stranding 2: On the Beach,8125,2026-05-11 11:40:44+00:00,11,17,20464.0,341.07,5.68
2026-05-11 17:21:47.704950+00:00,NoWay4u_Sir,Just Chatting,7662,2026-05-11 13:15:51+00:00,13,17,14757.0,245.95,4.1
2026-05-11 17:21:47.704950+00:00,GENSYXA,Just Chatting,7652,2026-05-11 14:26:08+00:00,14,17,10540.0,175.67,2.93
2026-05-11 17:21:47.704950+00:00,MelHssn_,VALORANT,7509,2026-05-11 14:47:35+00:00,14,17,9253.0,154.22,2.57
2026-05-11 17:26:48.155494+00:00,buster,Counter-Strike,60963,2026-05-11 12:53:08+00:00,12,17,16420.0,273.67,4.56
2026-05-11 17:26:48.155494+00:00,StRoGo,Counter-Strike,57948,2026-05-11 07:13:59+00:00,7,17,36769.0,612.82,10.21
2026-05-11 17:26:48.155494+00:00,加藤純一うん〇ちゃん,Tomodachi Life: Living the Dream,48110,2026-05-11 13:02:32+00:00,13,17,15856.0,264.27,4.4
2026-05-11 17:26:48.155494+00:00,PGL,Counter-Strike,45513,2026-05-11 04:13:15+00:00,4,17,47613.0,793.55,13.23
2026-05-11 17:26:48.155494+00:00,ohnePixel,Counter-Strike,36981,2026-05-11 13:04:04+00:00,13,17,15764.0,262.73,4.38
2026-05-11 17:26:48.155494+00:00,iaspod,,30955,2026-05-11 15:15:56+00:00,15,17,7852.0,130.87,2.18
2026-05-11 17:26:48.155494+00:00,hivise,Rocket League,27021,2026-05-11 14:04:54+00:00,14,17,12114.0,201.9,3.36
2026-05-11 17:26:48.155494+00:00,bySL4M,Counter-Strike,20967,2026-05-11 04:30:13+00:00,4,17,46595.0,776.58,12.94
2026-05-11 17:26:48.155494+00:00,fps_shaka,League of Legends,18499,2026-05-11 11:04:07+00:00,11,17,22961.0,382.68,6.38
2026-05-11 17:26:48.155494+00:00,cs2_paragon_ru,Counter-Strike,18047,2026-05-11 04:25:51+00:00,4,17,46857.0,780.95,13.02
2026-05-11 17:26:48.155494+00:00,dangerlyoha,IRL,16901,2026-05-11 12:02:48+00:00,12,17,19440.0,324.0,5.4
2026-05-11 17:26:48.155494+00:00,RavshanN,IRL,14767,2026-05-11 15:16:13+00:00,15,17,7835.0,130.58,2.18
2026-05-11 17:26:48.155494+00:00,MartinCirioOk,Just Chatting,14550,2026-05-11 14:24:58+00:00,14,17,10910.0,181.83,3.03
2026-05-11 17:26:48.155494+00:00,T2x2,Just Chatting,11836,2026-05-11 14:05:38+00:00,14,17,12070.0,201.17,3.35
2026-05-11 17:26:48.155494+00:00,zarbex,Just Chatting,11674,2026-05-11 15:03:28+00:00,15,17,8600.0,143.33,2.39
2026-05-11 17:26:48.155494+00:00,MelHssn_,VALORANT,11404,2026-05-11 14:47:35+00:00,14,17,9553.0,159.22,2.65
2026-05-11 17:26:48.155494+00:00,SCHRADIN,Just Chatting,10699,2026-05-11 12:22:17+00:00,12,17,18271.0,304.52,5.08
2026-05-11 17:26:48.155494+00:00,CohhCarnage,Death Stranding 2: On the Beach,8125,2026-05-11 11:40:44+00:00,11,17,20764.0,346.07,5.77
2026-05-11 17:26:48.155494+00:00,Distortion2,Dark Souls: Remastered,8056,2026-05-11 12:50:55+00:00,12,17,16553.0,275.88,4.6
2026-05-11 17:26:48.155494+00:00,gerardromero,Sports,7853,2026-05-11 14:28:25+00:00,14,17,10703.0,178.38,2.97
2026-05-11 17:31:48.612667+00:00,StRoGo,Counter-Strike,53063,2026-05-11 07:13:59+00:00,7,17,37070.0,617.83,10.3
2026-05-11 17:31:48.612667+00:00,加藤純一うん〇ちゃん,Tomodachi Life: Living the Dream,48110,2026-05-11 13:02:32+00:00,13,17,16157.0,269.28,4.49
2026-05-11 17:31:48.612667+00:00,buster,Counter-Strike,40560,2026-05-11 12:53:08+00:00,12,17,16721.0,278.68,4.64
2026-05-11 17:31:48.612667+00:00,ohnePixel,Counter-Strike,35339,2026-05-11 13:04:04+00:00,13,17,16065.0,267.75,4.46
2026-05-11 17:31:48.612667+00:00,PGL,Counter-Strike,32216,2026-05-11 04:13:15+00:00,4,17,47914.0,798.57,13.31
2026-05-11 17:31:48.612667+00:00,hivise,Rocket League,25729,2026-05-11 14:04:54+00:00,14,17,12415.0,206.92,3.45
2026-05-11 17:31:48.612667+00:00,bySL4M,Counter-Strike,18233,2026-05-11 04:30:13+00:00,4,17,46896.0,781.6,13.03
2026-05-11 17:31:48.612667+00:00,fps_shaka,League of Legends,16925,2026-05-11 11:04:07+00:00,11,17,23262.0,387.7,6.46
2026-05-11 17:31:48.612667+00:00,dangerlyoha,IRL,16688,2026-05-11 12:02:48+00:00,12,17,19741.0,329.02,5.48
2026-05-11 17:31:48.612667+00:00,MartinCirioOk,Just Chatting,15240,2026-05-11 14:24:58+00:00,14,17,11211.0,186.85,3.11
2026-05-11 17:31:48.612667+00:00,RavshanN,IRL,14924,2026-05-11 15:16:13+00:00,15,17,8136.0,135.6,2.26
2026-05-11 17:31:48.612667+00:00,cs2_paragon_ru,Counter-Strike,13829,2026-05-11 04:25:51+00:00,4,17,47158.0,785.97,13.1
2026-05-11 17:31:48.612667+00:00,MelHssn_,VALORANT,12127,2026-05-11 14:47:35+00:00,14,17,9854.0,164.23,2.74
2026-05-11 17:31:48.612667+00:00,zarbex,Just Chatting,12088,2026-05-11 15:03:28+00:00,15,17,8901.0,148.35,2.47
2026-05-11 17:31:48.612667+00:00,T2x2,Just Chatting,11707,2026-05-11 14:05:38+00:00,14,17,12371.0,206.18,3.44
2026-05-11 17:31:48.612667+00:00,SCHRADIN,Just Chatting,10563,2026-05-11 12:22:17+00:00,12,17,18572.0,309.53,5.16
2026-05-11 17:31:48.612667+00:00,province56reg,Just Chatting,10068,2026-05-11 06:10:52+00:00,6,17,40857.0,680.95,11.35
2026-05-11 17:31:48.612667+00:00,bratishkinoff,Just Chatting,8564,2026-05-11 15:15:44+00:00,15,17,8165.0,136.08,2.27
2026-05-11 17:31:48.612667+00:00,GENSYXA,Just Chatting,8345,2026-05-11 14:26:08+00:00,14,17,11141.0,185.68,3.09
2026-05-11 17:31:48.612667+00:00,ALOHADANCETV,Dota 2,8075,2026-05-11 10:59:23+00:00,10,17,23546.0,392.43,6.54
2026-05-11 17:36:49.068717+00:00,StRoGo,Counter-Strike,50997,2026-05-11 07:13:59+00:00,7,17,37370.0,622.83,10.38
2026-05-11 17:36:49.068717+00:00,加藤純一うん〇ちゃん,Tomodachi Life: Living the Dream,47885,2026-05-11 13:02:32+00:00,13,17,16457.0,274.28,4.57
2026-05-11 17:36:49.068717+00:00,buster,Counter-Strike,39782,2026-05-11 12:53:08+00:00,12,17,17021.0,283.68,4.73
2026-05-11 17:36:49.068717+00:00,PGL,Counter-Strike,35986,2026-05-11 04:13:15+00:00,4,17,48214.0,803.57,13.39
2026-05-11 17:36:49.068717+00:00,ohnePixel,Counter-Strike,34405,2026-05-11 13:04:04+00:00,13,17,16365.0,272.75,4.55
2026-05-11 17:36:49.068717+00:00,hivise,Rocket League,24959,2026-05-11 14:04:54+00:00,14,17,12715.0,211.92,3.53
2026-05-11 17:36:49.068717+00:00,bySL4M,Counter-Strike,19648,2026-05-11 04:30:13+00:00,4,17,47196.0,786.6,13.11
2026-05-11 17:36:49.068717+00:00,fps_shaka,League of Legends,16549,2026-05-11 11:04:07+00:00,11,17,23562.0,392.7,6.54
2026-05-11 17:36:49.068717+00:00,dangerlyoha,IRL,16469,2026-05-11 12:02:48+00:00,12,17,20041.0,334.02,5.57
2026-05-11 17:36:49.068717+00:00,MartinCirioOk,Just Chatting,15240,2026-05-11 14:24:58+00:00,14,17,11511.0,191.85,3.2
2026-05-11 17:36:49.068717+00:00,RavshanN,IRL,15114,2026-05-11 15:16:13+00:00,15,17,8436.0,140.6,2.34
2026-05-11 17:36:49.068717+00:00,cs2_paragon_ru,Counter-Strike,14335,2026-05-11 04:25:51+00:00,4,17,47458.0,790.97,13.18
2026-05-11 17:36:49.068717+00:00,zarbex,Just Chatting,12845,2026-05-11 15:03:28+00:00,15,17,9201.0,153.35,2.56
2026-05-11 17:36:49.068717+00:00,iaspod,,12632,2026-05-11 15:34:10+00:00,15,17,7359.0,122.65,2.04
2026-05-11 17:36:49.068717+00:00,T2x2,Just Chatting,11120,2026-05-11 14:05:38+00:00,14,17,12671.0,211.18,3.52
2026-05-11 17:36:49.068717+00:00,SCHRADIN,Just Chatting,10857,2026-05-11 12:22:17+00:00,12,17,18872.0,314.53,5.24
2026-05-11 17:36:49.068717+00:00,bratishkinoff,Just Chatting,9612,2026-05-11 15:15:44+00:00,15,17,8465.0,141.08,2.35
2026-05-11 17:36:49.068717+00:00,ESLCS,Counter-Strike,9433,2026-05-11 14:50:12+00:00,14,17,9997.0,166.62,2.78
2026-05-11 17:36:49.068717+00:00,ALOHADANCETV,Dota 2,8760,2026-05-11 10:59:23+00:00,10,17,23846.0,397.43,6.62
2026-05-11 17:41:49.557750+00:00,StRoGo,Counter-Strike,55955,2026-05-11 07:13:59+00:00,7,17,37671.0,627.85,10.46
2026-05-11 17:41:49.557750+00:00,加藤純一うん〇ちゃん,Tomodachi Life: Living the Dream,47292,2026-05-11 13:02:32+00:00,13,17,16758.0,279.3,4.66
2026-05-11 17:41:49.557750+00:00,buster,Counter-Strike,44237,2026-05-11 12:53:08+00:00,12,17,17322.0,288.7,4.81
2026-05-11 17:41:49.557750+00:00,ohnePixel,Counter-Strike,34712,2026-05-11 13:04:04+00:00,13,17,16666.0,277.77,4.63
2026-05-11 17:41:49.557750+00:00,PGL,Counter-Strike,34017,2026-05-11 04:13:15+00:00,4,17,48515.0,808.58,13.48
2026-05-11 17:41:49.557750+00:00,iaspod,,29512,2026-05-11 15:34:10+00:00,15,17,7660.0,127.67,2.13
2026-05-11 17:41:49.557750+00:00,hivise,Rocket League,25310,2026-05-11 14:04:54+00:00,14,17,13016.0,216.93,3.62
2026-05-11 17:41:49.557750+00:00,bySL4M,Counter-Strike,22144,2026-05-11 04:30:13+00:00,4,17,47497.0,791.62,13.19
2026-05-11 17:41:49.557750+00:00,cs2_paragon_ru,Counter-Strike,19249,2026-05-11 04:25:51+00:00,4,17,47759.0,795.98,13.27
2026-05-11 17:41:49.557750+00:00,fps_shaka,League of Legends,18059,2026-05-11 11:04:07+00:00,11,17,23863.0,397.72,6.63
2026-05-11 17:41:49.557750+00:00,dangerlyoha,IRL,16469,2026-05-11 12:02:48+00:00,12,17,20342.0,339.03,5.65
2026-05-11 17:41:49.557750+00:00,MartinCirioOk,Just Chatting,16037,2026-05-11 14:24:58+00:00,14,17,11812.0,196.87,3.28
2026-05-11 17:41:49.557750+00:00,RavshanN,IRL,15281,2026-05-11 15:16:13+00:00,15,17,8737.0,145.62,2.43
2026-05-11 17:41:49.557750+00:00,zarbex,Just Chatting,13532,2026-05-11 15:03:28+00:00,15,17,9502.0,158.37,2.64
2026-05-11 17:41:49.557750+00:00,T2x2,Just Chatting,11120,2026-05-11 14:05:38+00:00,14,17,12972.0,216.2,3.6
2026-05-11 17:41:49.557750+00:00,SCHRADIN,Just Chatting,11107,2026-05-11 12:22:17+00:00,12,17,19173.0,319.55,5.33
2026-05-11 17:41:49.557750+00:00,ESLCS,Counter-Strike,10841,2026-05-11 14:50:12+00:00,14,17,10298.0,171.63,2.86
2026-05-11 17:41:49.557750+00:00,bratishkinoff,Just Chatting,10243,2026-05-11 15:15:44+00:00,15,17,8766.0,146.1,2.44
2026-05-11 17:41:49.557750+00:00,MelHssn_,VALORANT,9460,2026-05-11 15:36:41+00:00,15,17,7509.0,125.15,2.09
2026-05-11 17:41:49.557750+00:00,WorldofTanks,World of Tanks,8214,2026-05-11 12:58:02+00:00,12,17,17028.0,283.8,4.73
2026-05-11 17:46:50.025034+00:00,StRoGo,Counter-Strike,61103,2026-05-11 07:13:59+00:00,7,17,37971.0,632.85,10.55
2026-05-11 17:46:50.025034+00:00,加藤純一うん〇ちゃん,Tomodachi Life: Living the Dream,46559,2026-05-11 13:02:32+00:00,13,17,17058.0,284.3,4.74
2026-05-11 17:46:50.025034+00:00,buster,Counter-Strike,45278,2026-05-11 12:53:08+00:00,12,17,17622.0,293.7,4.89
2026-05-11 17:46:50.025034+00:00,ohnePixel,Counter-Strike,36745,2026-05-11 13:04:04+00:00,13,17,16966.0,282.77,4.71
2026-05-11 17:46:50.025034+00:00,PGL,Counter-Strike,36355,2026-05-11 04:13:15+00:00,4,17,48815.0,813.58,13.56
2026-05-11 17:46:50.025034+00:00,iaspod,,27909,2026-05-11 15:34:10+00:00,15,17,7960.0,132.67,2.21
2026-05-11 17:46:50.025034+00:00,bySL4M,Counter-Strike,27403,2026-05-11 04:30:13+00:00,4,17,47797.0,796.62,13.28
2026-05-11 17:46:50.025034+00:00,hivise,Rocket League,25759,2026-05-11 14:04:54+00:00,14,17,13316.0,221.93,3.7
2026-05-11 17:46:50.025034+00:00,cs2_paragon_ru,Counter-Strike,23654,2026-05-11 04:25:51+00:00,4,17,48059.0,800.98,13.35
2026-05-11 17:46:50.025034+00:00,dangerlyoha,IRL,16641,2026-05-11 12:02:48+00:00,12,17,20642.0,344.03,5.73
2026-05-11 17:46:50.025034+00:00,fps_shaka,League of Legends,16319,2026-05-11 11:04:07+00:00,11,17,24163.0,402.72,6.71
2026-05-11 17:46:50.025034+00:00,MartinCirioOk,Just Chatting,16303,2026-05-11 14:24:58+00:00,14,17,12112.0,201.87,3.36
2026-05-11 17:46:50.025034+00:00,RavshanN,IRL,15873,2026-05-11 15:16:13+00:00,15,17,9037.0,150.62,2.51
2026-05-11 17:46:50.025034+00:00,zarbex,Just Chatting,14916,2026-05-11 15:03:28+00:00,15,17,9802.0,163.37,2.72
2026-05-11 17:46:50.025034+00:00,ESLCS,Counter-Strike,11672,2026-05-11 14:50:12+00:00,14,17,10598.0,176.63,2.94
2026-05-11 17:46:50.025034+00:00,T2x2,Just Chatting,11260,2026-05-11 14:05:38+00:00,14,17,13272.0,221.2,3.69
2026-05-11 17:46:50.025034+00:00,MelHssn_,VALORANT,11067,2026-05-11 15:36:41+00:00,15,17,7809.0,130.15,2.17
2026-05-11 17:46:50.025034+00:00,bratishkinoff,Just Chatting,10711,2026-05-11 15:15:44+00:00,15,17,9066.0,151.1,2.52
2026-05-11 17:46:50.025034+00:00,SCHRADIN,Just Chatting,9623,2026-05-11 12:22:17+00:00,12,17,19473.0,324.55,5.41
2026-05-11 17:46:50.025034+00:00,ALOHADANCETV,Dota 2,8713,2026-05-11 10:59:23+00:00,10,17,24447.0,407.45,6.79
2026-05-11 17:51:51.495360+00:00,StRoGo,Counter-Strike,65219,2026-05-11 07:13:59+00:00,7,17,38272.0,637.87,10.63
2026-05-11 17:51:51.495360+00:00,buster,Counter-Strike,47692,2026-05-11 12:53:08+00:00,12,17,17923.0,298.72,4.98
2026-05-11 17:51:51.495360+00:00,加藤純一うん〇ちゃん,Tomodachi Life: Living the Dream,46559,2026-05-11 13:02:32+00:00,13,17,17359.0,289.32,4.82
2026-05-11 17:51:51.495360+00:00,ohnePixel,Counter-Strike,38900,2026-05-11 13:04:04+00:00,13,17,17267.0,287.78,4.8
2026-05-11 17:51:51.495360+00:00,PGL,Counter-Strike,37850,2026-05-11 04:13:15+00:00,4,17,49116.0,818.6,13.64
2026-05-11 17:51:51.495360+00:00,iaspod,,30663,2026-05-11 15:34:10+00:00,15,17,8261.0,137.68,2.29
2026-05-11 17:51:51.495360+00:00,bySL4M,Counter-Strike,29265,2026-05-11 04:30:13+00:00,4,17,48098.0,801.63,13.36
2026-05-11 17:51:51.495360+00:00,cs2_paragon_ru,Counter-Strike,27593,2026-05-11 04:25:51+00:00,4,17,48360.0,806.0,13.43
2026-05-11 17:51:51.495360+00:00,hivise,Rocket League,27579,2026-05-11 14:04:54+00:00,14,17,13617.0,226.95,3.78
2026-05-11 17:51:51.495360+00:00,fps_shaka,League of Legends,16319,2026-05-11 11:04:07+00:00,11,17,24464.0,407.73,6.8
2026-05-11 17:51:51.495360+00:00,MartinCirioOk,Just Chatting,16303,2026-05-11 14:24:58+00:00,14,17,12413.0,206.88,3.45
2026-05-11 17:51:51.495360+00:00,RavshanN,IRL,16077,2026-05-11 15:16:13+00:00,15,17,9338.0,155.63,2.59
2026-05-11 17:51:51.495360+00:00,dangerlyoha,IRL,16007,2026-05-11 12:02:48+00:00,12,17,20943.0,349.05,5.82
2026-05-11 17:51:51.495360+00:00,zarbex,Just Chatting,15742,2026-05-11 15:03:28+00:00,15,17,10103.0,168.38,2.81
2026-05-11 17:51:51.495360+00:00,province56reg,Just Chatting,13589,2026-05-11 06:10:52+00:00,6,17,42059.0,700.98,11.68
2026-05-11 17:51:51.495360+00:00,ESLCS,Counter-Strike,11921,2026-05-11 14:50:12+00:00,14,17,10899.0,181.65,3.03
2026-05-11 17:51:51.495360+00:00,MelHssn_,VALORANT,11373,2026-05-11 15:36:41+00:00,15,17,8110.0,135.17,2.25
2026-05-11 17:51:51.495360+00:00,T2x2,Just Chatting,11260,2026-05-11 14:05:38+00:00,14,17,13573.0,226.22,3.77
2026-05-11 17:51:51.495360+00:00,bratishkinoff,Just Chatting,11024,2026-05-11 15:15:44+00:00,15,17,9367.0,156.12,2.6
2026-05-11 17:51:51.495360+00:00,SCHRADIN,Just Chatting,9336,2026-05-11 12:22:17+00:00,12,17,19774.0,329.57,5.49
2026-05-11 17:56:51.944342+00:00,StRoGo,Counter-Strike,68948,2026-05-11 07:13:59+00:00,7,17,38573.0,642.88,10.71
2026-05-11 17:56:51.944342+00:00,buster,Counter-Strike,49045,2026-05-11 12:53:08+00:00,12,17,18224.0,303.73,5.06
2026-05-11 17:56:51.944342+00:00,加藤純一うん〇ちゃん,Tomodachi Life: Living the Dream,45434,2026-05-11 13:02:32+00:00,13,17,17660.0,294.33,4.91
2026-05-11 17:56:51.944342+00:00,ohnePixel,Counter-Strike,41431,2026-05-11 13:04:04+00:00,13,17,17568.0,292.8,4.88
2026-05-11 17:56:51.944342+00:00,PGL,Counter-Strike,39832,2026-05-11 04:13:15+00:00,4,17,49417.0,823.62,13.73
2026-05-11 17:56:51.944342+00:00,bySL4M,Counter-Strike,30977,2026-05-11 04:30:13+00:00,4,17,48399.0,806.65,13.44
2026-05-11 17:56:51.944342+00:00,cs2_paragon_ru,Counter-Strike,28895,2026-05-11 04:25:51+00:00,4,17,48661.0,811.02,13.52
2026-05-11 17:56:51.944342+00:00,iaspod,,26054,2026-05-11 15:34:10+00:00,15,17,8562.0,142.7,2.38
2026-05-11 17:56:51.944342+00:00,hivise,Rocket League,25153,2026-05-11 14:04:54+00:00,14,17,13918.0,231.97,3.87
2026-05-11 17:56:51.944342+00:00,RavshanN,IRL,16813,2026-05-11 15:16:13+00:00,15,17,9639.0,160.65,2.68
2026-05-11 17:56:51.944342+00:00,zarbex,Just Chatting,16772,2026-05-11 15:03:28+00:00,15,17,10404.0,173.4,2.89
2026-05-11 17:56:51.944342+00:00,MartinCirioOk,Just Chatting,16624,2026-05-11 14:24:58+00:00,14,17,12714.0,211.9,3.53
2026-05-11 17:56:51.944342+00:00,fps_shaka,League of Legends,16135,2026-05-11 11:04:07+00:00,11,17,24765.0,412.75,6.88
2026-05-11 17:56:51.944342+00:00,dangerlyoha,IRL,15825,2026-05-11 12:02:48+00:00,12,17,21244.0,354.07,5.9
2026-05-11 17:56:51.944342+00:00,eliasn97,Special Events,13889,2026-05-11 15:45:19+00:00,15,17,7893.0,131.55,2.19
2026-05-11 17:56:51.944342+00:00,province56reg,Just Chatting,13348,2026-05-11 06:10:52+00:00,6,17,42360.0,706.0,11.77
2026-05-11 17:56:51.944342+00:00,ESLCS,Counter-Strike,12602,2026-05-11 14:50:12+00:00,14,17,11200.0,186.67,3.11
2026-05-11 17:56:51.944342+00:00,MelHssn_,VALORANT,12018,2026-05-11 15:36:41+00:00,15,17,8411.0,140.18,2.34
2026-05-11 17:56:51.944342+00:00,bratishkinoff,Just Chatting,11595,2026-05-11 15:15:44+00:00,15,17,9668.0,161.13,2.69
2026-05-11 17:56:51.944342+00:00,T2x2,Just Chatting,11260,2026-05-11 14:05:38+00:00,14,17,13874.0,231.23,3.85
2026-05-11 18:01:52.416926+00:00,StRoGo,Counter-Strike,71878,2026-05-11 07:13:59+00:00,7,18,38873.0,647.88,10.8
2026-05-11 18:01:52.416926+00:00,buster,Counter-Strike,52560,2026-05-11 12:53:08+00:00,12,18,18524.0,308.73,5.15
2026-05-11 18:01:52.416926+00:00,加藤純一うん〇ちゃん,Tomodachi Life: Living the Dream,43367,2026-05-11 13:02:32+00:00,13,18,17960.0,299.33,4.99
2026-05-11 18:01:52.416926+00:00,ohnePixel,Counter-Strike,42582,2026-05-11 13:04:04+00:00,13,18,17868.0,297.8,4.96
2026-05-11 18:01:52.416926+00:00,PGL,Counter-Strike,41315,2026-05-11 04:13:15+00:00,4,18,49717.0,828.62,13.81
2026-05-11 18:01:52.416926+00:00,bySL4M,Counter-Strike,32568,2026-05-11 04:30:13+00:00,4,18,48699.0,811.65,13.53
2026-05-11 18:01:52.416926+00:00,iaspod,,28204,2026-05-11 15:34:10+00:00,15,18,8862.0,147.7,2.46
2026-05-11 18:01:52.416926+00:00,hivise,Rocket League,25603,2026-05-11 14:04:54+00:00,14,18,14218.0,236.97,3.95
2026-05-11 18:01:52.416926+00:00,cs2_paragon_ru,Counter-Strike,25492,2026-05-11 04:25:51+00:00,4,18,48961.0,816.02,13.6
2026-05-11 18:01:52.416926+00:00,eliasn97,Special Events,21262,2026-05-11 15:45:19+00:00,15,18,8193.0,136.55,2.28
2026-05-11 18:01:52.416926+00:00,RavshanN,IRL,17207,2026-05-11 15:16:13+00:00,15,18,9939.0,165.65,2.76
2026-05-11 18:01:52.416926+00:00,zarbex,Just Chatting,16479,2026-05-11 15:03:28+00:00,15,18,10704.0,178.4,2.97
2026-05-11 18:01:52.416926+00:00,MartinCirioOk,Just Chatting,16359,2026-05-11 14:24:58+00:00,14,18,13014.0,216.9,3.62
2026-05-11 18:01:52.416926+00:00,fps_shaka,League of Legends,15870,2026-05-11 11:04:07+00:00,11,18,25065.0,417.75,6.96
2026-05-11 18:01:52.416926+00:00,dangerlyoha,IRL,15636,2026-05-11 12:02:48+00:00,12,18,21544.0,359.07,5.98
2026-05-11 18:01:52.416926+00:00,MelHssn_,VALORANT,12899,2026-05-11 15:36:41+00:00,15,18,8711.0,145.18,2.42
2026-05-11 18:01:52.416926+00:00,ESLCS,Counter-Strike,12778,2026-05-11 14:50:12+00:00,14,18,11500.0,191.67,3.19
2026-05-11 18:01:52.416926+00:00,bratishkinoff,Just Chatting,12435,2026-05-11 15:15:44+00:00,15,18,9968.0,166.13,2.77
2026-05-11 18:01:52.416926+00:00,T2x2,Just Chatting,11260,2026-05-11 14:05:38+00:00,14,18,14174.0,236.23,3.94
2026-05-11 18:01:52.416926+00:00,Distortion2,Dark Souls: Remastered,8751,2026-05-11 12:50:55+00:00,12,18,18657.0,310.95,5.18
2026-05-11 18:06:52.873300+00:00,StRoGo,Counter-Strike,73818,2026-05-11 07:13:59+00:00,7,18,39174.0,652.9,10.88
2026-05-11 18:06:52.873300+00:00,buster,Counter-Strike,53257,2026-05-11 12:53:08+00:00,12,18,18825.0,313.75,5.23
2026-05-11 18:06:52.873300+00:00,加藤純一うん〇ちゃん,Tomodachi Life: Living the Dream,43367,2026-05-11 13:02:32+00:00,13,18,18261.0,304.35,5.07
2026-05-11 18:06:52.873300+00:00,ohnePixel,Counter-Strike,43324,2026-05-11 13:04:04+00:00,13,18,18169.0,302.82,5.05
2026-05-11 18:06:52.873300+00:00,PGL,Counter-Strike,42076,2026-05-11 04:13:15+00:00,4,18,50018.0,833.63,13.89
2026-05-11 18:06:52.873300+00:00,bySL4M,Counter-Strike,33147,2026-05-11 04:30:13+00:00,4,18,49000.0,816.67,13.61
2026-05-11 18:06:52.873300+00:00,iaspod,,29625,2026-05-11 15:34:10+00:00,15,18,9163.0,152.72,2.55
2026-05-11 18:06:52.873300+00:00,cs2_paragon_ru,Counter-Strike,29450,2026-05-11 04:25:51+00:00,4,18,49262.0,821.03,13.68
2026-05-11 18:06:52.873300+00:00,hivise,Rocket League,25052,2026-05-11 14:04:54+00:00,14,18,14519.0,241.98,4.03
2026-05-11 18:06:52.873300+00:00,eliasn97,Special Events,24192,2026-05-11 15:45:19+00:00,15,18,8494.0,141.57,2.36
2026-05-11 18:06:52.873300+00:00,zarbex,Just Chatting,17534,2026-05-11 15:03:28+00:00,15,18,11005.0,183.42,3.06
2026-05-11 18:06:52.873300+00:00,RavshanN,IRL,17021,2026-05-11 15:16:13+00:00,15,18,10240.0,170.67,2.84
2026-05-11 18:06:52.873300+00:00,MartinCirioOk,Just Chatting,16359,2026-05-11 14:24:58+00:00,14,18,13315.0,221.92,3.7
2026-05-11 18:06:52.873300+00:00,fps_shaka,League of Legends,16083,2026-05-11 11:04:07+00:00,11,18,25366.0,422.77,7.05
2026-05-11 18:06:52.873300+00:00,dangerlyoha,IRL,15094,2026-05-11 12:02:48+00:00,12,18,21845.0,364.08,6.07
2026-05-11 18:06:52.873300+00:00,MelHssn_,VALORANT,14260,2026-05-11 15:36:41+00:00,15,18,9012.0,150.2,2.5
2026-05-11 18:06:52.873300+00:00,ESLCS,Counter-Strike,13478,2026-05-11 14:50:12+00:00,14,18,11801.0,196.68,3.28
2026-05-11 18:06:52.873300+00:00,bratishkinoff,Just Chatting,13242,2026-05-11 15:15:44+00:00,15,18,10269.0,171.15,2.85
2026-05-11 18:06:52.873300+00:00,T2x2,Just Chatting,11420,2026-05-11 14:05:38+00:00,14,18,14475.0,241.25,4.02
2026-05-11 18:06:52.873300+00:00,GENSYXA,Just Chatting,8446,2026-05-11 14:26:08+00:00,14,18,13245.0,220.75,3.68
2026-05-11 18:11:53.347404+00:00,StRoGo,Counter-Strike,75031,2026-05-11 07:13:59+00:00,7,18,39474.0,657.9,10.96
2026-05-11 18:11:53.347404+00:00,buster,Counter-Strike,54443,2026-05-11 12:53:08+00:00,12,18,19125.0,318.75,5.31
2026-05-11 18:11:53.347404+00:00,ohnePixel,Counter-Strike,44677,2026-05-11 13:04:04+00:00,13,18,18469.0,307.82,5.13
2026-05-11 18:11:53.347404+00:00,加藤純一うん〇ちゃん,Tomodachi Life: Living the Dream,43367,2026-05-11 13:02:32+00:00,13,18,18561.0,309.35,5.16
2026-05-11 18:11:53.347404+00:00,PGL,Counter-Strike,42622,2026-05-11 04:13:15+00:00,4,18,50318.0,838.63,13.98
2026-05-11 18:11:53.347404+00:00,bySL4M,Counter-Strike,35182,2026-05-11 04:30:13+00:00,4,18,49300.0,821.67,13.69
2026-05-11 18:11:53.347404+00:00,eliasn97,Special Events,30092,2026-05-11 15:45:19+00:00,15,18,8794.0,146.57,2.44
2026-05-11 18:11:53.347404+00:00,cs2_paragon_ru,Counter-Strike,30059,2026-05-11 04:25:51+00:00,4,18,49562.0,826.03,13.77
2026-05-11 18:11:53.347404+00:00,iaspod,,26285,2026-05-11 15:34:10+00:00,15,18,9463.0,157.72,2.63
2026-05-11 18:11:53.347404+00:00,hivise,Rocket League,25848,2026-05-11 14:04:54+00:00,14,18,14819.0,246.98,4.12
2026-05-11 18:11:53.347404+00:00,zarbex,Just Chatting,17859,2026-05-11 15:03:28+00:00,15,18,11305.0,188.42,3.14
2026-05-11 18:11:53.347404+00:00,RavshanN,IRL,16645,2026-05-11 15:16:13+00:00,15,18,10540.0,175.67,2.93
2026-05-11 18:11:53.347404+00:00,MartinCirioOk,Just Chatting,16359,2026-05-11 14:24:58+00:00,14,18,13615.0,226.92,3.78
2026-05-11 18:11:53.347404+00:00,fps_shaka,League of Legends,15826,2026-05-11 11:04:07+00:00,11,18,25666.0,427.77,7.13
2026-05-11 18:11:53.347404+00:00,dangerlyoha,IRL,14920,2026-05-11 12:02:48+00:00,12,18,22145.0,369.08,6.15
2026-05-11 18:11:53.347404+00:00,MelHssn_,VALORANT,14650,2026-05-11 15:36:41+00:00,15,18,9312.0,155.2,2.59
2026-05-11 18:11:53.347404+00:00,ESLCS,Counter-Strike,14063,2026-05-11 14:50:12+00:00,14,18,12101.0,201.68,3.36
2026-05-11 18:11:53.347404+00:00,bratishkinoff,Just Chatting,12821,2026-05-11 15:15:44+00:00,15,18,10569.0,176.15,2.94
2026-05-11 18:11:53.347404+00:00,T2x2,Just Chatting,11196,2026-05-11 14:05:38+00:00,14,18,14775.0,246.25,4.1
2026-05-11 18:11:53.347404+00:00,gerardromero,Sports,8672,2026-05-11 14:28:25+00:00,14,18,13408.0,223.47,3.72
2026-05-11 18:16:53.896862+00:00,StRoGo,Counter-Strike,78713,2026-05-11 07:13:59+00:00,7,18,39775.0,662.92,11.05
2026-05-11 18:16:53.896862+00:00,buster,Counter-Strike,57741,2026-05-11 12:53:08+00:00,12,18,19426.0,323.77,5.4
2026-05-11 18:16:53.896862+00:00,ohnePixel,Counter-Strike,46672,2026-05-11 13:04:04+00:00,13,18,18770.0,312.83,5.21
2026-05-11 18:16:53.896862+00:00,PGL,Counter-Strike,43661,2026-05-11 04:13:15+00:00,4,18,50619.0,843.65,14.06
2026-05-11 18:16:53.896862+00:00,加藤純一うん〇ちゃん,Tomodachi Life: Living the Dream,43367,2026-05-11 13:02:32+00:00,13,18,18862.0,314.37,5.24
2026-05-11 18:16:53.896862+00:00,bySL4M,Counter-Strike,36517,2026-05-11 04:30:13+00:00,4,18,49601.0,826.68,13.78
2026-05-11 18:16:53.896862+00:00,eliasn97,Special Events,36496,2026-05-11 15:45:19+00:00,15,18,9095.0,151.58,2.53
2026-05-11 18:16:53.896862+00:00,cs2_paragon_ru,Counter-Strike,30416,2026-05-11 04:25:51+00:00,4,18,49863.0,831.05,13.85
2026-05-11 18:16:53.896862+00:00,iaspod,,27593,2026-05-11 15:34:10+00:00,15,18,9764.0,162.73,2.71
2026-05-11 18:16:53.896862+00:00,hivise,Rocket League,25259,2026-05-11 14:04:54+00:00,14,18,15120.0,252.0,4.2
2026-05-11 18:16:53.896862+00:00,zarbex,Just Chatting,18131,2026-05-11 15:03:28+00:00,15,18,11606.0,193.43,3.22
2026-05-11 18:16:53.896862+00:00,RavshanN,IRL,16175,2026-05-11 15:16:13+00:00,15,18,10841.0,180.68,3.01
2026-05-11 18:16:53.896862+00:00,MartinCirioOk,Just Chatting,16121,2026-05-11 14:24:58+00:00,14,18,13916.0,231.93,3.87
2026-05-11 18:16:53.896862+00:00,fps_shaka,League of Legends,15453,2026-05-11 11:04:07+00:00,11,18,25967.0,432.78,7.21
2026-05-11 18:16:53.896862+00:00,dangerlyoha,IRL,15180,2026-05-11 12:02:48+00:00,12,18,22446.0,374.1,6.24
2026-05-11 18:16:53.896862+00:00,MelHssn_,VALORANT,13077,2026-05-11 15:36:41+00:00,15,18,9613.0,160.22,2.67
2026-05-11 18:16:53.896862+00:00,bratishkinoff,Just Chatting,13022,2026-05-11 15:15:44+00:00,15,18,10870.0,181.17,3.02
2026-05-11 18:16:53.896862+00:00,T2x2,Just Chatting,11331,2026-05-11 14:05:38+00:00,14,18,15076.0,251.27,4.19
2026-05-11 18:16:53.896862+00:00,ESLCS,Counter-Strike,10381,2026-05-11 14:50:12+00:00,14,18,12402.0,206.7,3.44
2026-05-11 18:16:53.896862+00:00,TheIconLeague,Special Events,8983,2026-05-11 15:45:19+00:00,15,18,9095.0,151.58,2.53
2026-05-11 18:21:54.332677+00:00,StRoGo,Counter-Strike,84634,2026-05-11 07:13:59+00:00,7,18,40075.0,667.92,11.13
2026-05-11 18:21:54.332677+00:00,buster,Counter-Strike,60491,2026-05-11 12:53:08+00:00,12,18,19726.0,328.77,5.48
2026-05-11 18:21:54.332677+00:00,ohnePixel,Counter-Strike,48120,2026-05-11 13:04:04+00:00,13,18,19070.0,317.83,5.3
2026-05-11 18:21:54.332677+00:00,PGL,Counter-Strike,47130,2026-05-11 04:13:15+00:00,4,18,50919.0,848.65,14.14
2026-05-11 18:21:54.332677+00:00,加藤純一うん〇ちゃん,Tomodachi Life: Living the Dream,43367,2026-05-11 13:02:32+00:00,13,18,19162.0,319.37,5.32
2026-05-11 18:21:54.332677+00:00,eliasn97,Special Events,40244,2026-05-11 15:45:19+00:00,15,18,9395.0,156.58,2.61
2026-05-11 18:21:54.332677+00:00,bySL4M,Counter-Strike,38463,2026-05-11 04:30:13+00:00,4,18,49901.0,831.68,13.86
2026-05-11 18:21:54.332677+00:00,cs2_paragon_ru,Counter-Strike,30799,2026-05-11 04:25:51+00:00,4,18,50163.0,836.05,13.93
2026-05-11 18:21:54.332677+00:00,iaspod,,30714,2026-05-11 15:34:10+00:00,15,18,10064.0,167.73,2.8
2026-05-11 18:21:54.332677+00:00,hivise,Rocket League,25799,2026-05-11 14:04:54+00:00,14,18,15420.0,257.0,4.28
2026-05-11 18:21:54.332677+00:00,zarbex,Just Chatting,21134,2026-05-11 15:03:28+00:00,15,18,11906.0,198.43,3.31
2026-05-11 18:21:54.332677+00:00,RavshanN,IRL,16321,2026-05-11 15:16:13+00:00,15,18,11141.0,185.68,3.09
2026-05-11 18:21:54.332677+00:00,MartinCirioOk,Just Chatting,15944,2026-05-11 14:24:58+00:00,14,18,14216.0,236.93,3.95
2026-05-11 18:21:54.332677+00:00,fps_shaka,League of Legends,14461,2026-05-11 11:04:07+00:00,11,18,26267.0,437.78,7.3
2026-05-11 18:21:54.332677+00:00,bratishkinoff,Just Chatting,14033,2026-05-11 15:15:44+00:00,15,18,11170.0,186.17,3.1
2026-05-11 18:21:54.332677+00:00,MelHssn_,VALORANT,13325,2026-05-11 15:36:41+00:00,15,18,9913.0,165.22,2.75
2026-05-11 18:21:54.332677+00:00,T2x2,Just Chatting,11127,2026-05-11 14:05:38+00:00,14,18,15376.0,256.27,4.27
2026-05-11 18:21:54.332677+00:00,TheIconLeague,Special Events,9436,2026-05-11 15:45:19+00:00,15,18,9395.0,156.58,2.61
2026-05-11 18:21:54.332677+00:00,GENSYXA,Just Chatting,9316,2026-05-11 14:26:08+00:00,14,18,14146.0,235.77,3.93
2026-05-11 18:21:54.332677+00:00,ESLCS,Counter-Strike,9070,2026-05-11 14:50:12+00:00,14,18,12702.0,211.7,3.53
2026-05-11 18:26:54.792865+00:00,StRoGo,Counter-Strike,88406,2026-05-11 07:13:59+00:00,7,18,40376.0,672.93,11.22
2026-05-11 18:26:54.792865+00:00,buster,Counter-Strike,69615,2026-05-11 12:53:08+00:00,12,18,20027.0,333.78,5.56
2026-05-11 18:26:54.792865+00:00,ohnePixel,Counter-Strike,49337,2026-05-11 13:04:04+00:00,13,18,19371.0,322.85,5.38
2026-05-11 18:26:54.792865+00:00,PGL,Counter-Strike,49025,2026-05-11 04:13:15+00:00,4,18,51220.0,853.67,14.23
2026-05-11 18:26:54.792865+00:00,加藤純一うん〇ちゃん,Tomodachi Life: Living the Dream,43942,2026-05-11 13:02:32+00:00,13,18,19463.0,324.38,5.41
2026-05-11 18:26:54.792865+00:00,eliasn97,Special Events,41566,2026-05-11 15:45:19+00:00,15,18,9696.0,161.6,2.69
2026-05-11 18:26:54.792865+00:00,bySL4M,Counter-Strike,39632,2026-05-11 04:30:13+00:00,4,18,50202.0,836.7,13.94
2026-05-11 18:26:54.792865+00:00,cs2_paragon_ru,Counter-Strike,32553,2026-05-11 04:25:51+00:00,4,18,50464.0,841.07,14.02
2026-05-11 18:26:54.792865+00:00,iaspod,,27204,2026-05-11 15:34:10+00:00,15,18,10365.0,172.75,2.88
2026-05-11 18:26:54.792865+00:00,hivise,Rocket League,24842,2026-05-11 14:04:54+00:00,14,18,15721.0,262.02,4.37
2026-05-11 18:26:54.792865+00:00,zarbex,Just Chatting,20878,2026-05-11 15:03:28+00:00,15,18,12207.0,203.45,3.39
2026-05-11 18:26:54.792865+00:00,RavshanN,IRL,16321,2026-05-11 15:16:13+00:00,15,18,11442.0,190.7,3.18
2026-05-11 18:26:54.792865+00:00,MartinCirioOk,Just Chatting,15772,2026-05-11 14:24:58+00:00,14,18,14517.0,241.95,4.03
2026-05-11 18:26:54.792865+00:00,MelHssn_,VALORANT,14522,2026-05-11 15:36:41+00:00,15,18,10214.0,170.23,2.84
2026-05-11 18:26:54.792865+00:00,bratishkinoff,Just Chatting,14210,2026-05-11 15:15:44+00:00,15,18,11471.0,191.18,3.19
2026-05-11 18:26:54.792865+00:00,fps_shaka,League of Legends,13699,2026-05-11 11:04:07+00:00,11,18,26568.0,442.8,7.38
2026-05-11 18:26:54.792865+00:00,T2x2,Just Chatting,10885,2026-05-11 14:05:38+00:00,14,18,15677.0,261.28,4.35
2026-05-11 18:26:54.792865+00:00,GENSYXA,Just Chatting,10277,2026-05-11 14:26:08+00:00,14,18,14447.0,240.78,4.01
2026-05-11 18:26:54.792865+00:00,YoungMulti,Just Chatting,10267,2026-05-11 16:03:40+00:00,16,18,8595.0,143.25,2.39
2026-05-11 18:26:54.792865+00:00,TheIconLeague,Special Events,9792,2026-05-11 15:45:19+00:00,15,18,9696.0,161.6,2.69
2026-05-11 18:31:55.244282+00:00,StRoGo,Counter-Strike,94264,2026-05-11 07:13:59+00:00,7,18,40676.0,677.93,11.3
2026-05-11 18:31:55.244282+00:00,buster,Just Chatting,64882,2026-05-11 12:53:08+00:00,12,18,20327.0,338.78,5.65
2026-05-11 18:31:55.244282+00:00,ohnePixel,Counter-Strike,50235,2026-05-11 13:04:04+00:00,13,18,19671.0,327.85,5.46
2026-05-11 18:31:55.244282+00:00,加藤純一うん〇ちゃん,Tomodachi Life: Living the Dream,44477,2026-05-11 13:02:32+00:00,13,18,19763.0,329.38,5.49
2026-05-11 18:31:55.244282+00:00,eliasn97,Special Events,44446,2026-05-11 15:45:19+00:00,15,18,9996.0,166.6,2.78
2026-05-11 18:31:55.244282+00:00,bySL4M,Counter-Strike,37899,2026-05-11 04:30:13+00:00,4,18,50502.0,841.7,14.03
2026-05-11 18:31:55.244282+00:00,PGL,Counter-Strike,33094,2026-05-11 04:13:15+00:00,4,18,51520.0,858.67,14.31
2026-05-11 18:31:55.244282+00:00,cs2_paragon_ru,Counter-Strike,30885,2026-05-11 04:25:51+00:00,4,18,50764.0,846.07,14.1
2026-05-11 18:31:55.244282+00:00,iaspod,,26073,2026-05-11 16:27:31+00:00,16,18,7464.0,124.4,2.07
2026-05-11 18:31:55.244282+00:00,hivise,Rocket League,25450,2026-05-11 14:04:54+00:00,14,18,16021.0,267.02,4.45
2026-05-11 18:31:55.244282+00:00,zarbex,Just Chatting,22014,2026-05-11 15:03:28+00:00,15,18,12507.0,208.45,3.47
2026-05-11 18:31:55.244282+00:00,RavshanN,IRL,19685,2026-05-11 15:16:13+00:00,15,18,11742.0,195.7,3.26
2026-05-11 18:31:55.244282+00:00,ESLCS,Counter-Strike,15832,2026-05-11 14:50:12+00:00,14,18,13303.0,221.72,3.7
2026-05-11 18:31:55.244282+00:00,MartinCirioOk,Just Chatting,15772,2026-05-11 14:24:58+00:00,14,18,14817.0,246.95,4.12
2026-05-11 18:31:55.244282+00:00,bratishkinoff,Just Chatting,15055,2026-05-11 15:15:44+00:00,15,18,11771.0,196.18,3.27
2026-05-11 18:31:55.244282+00:00,MelHssn_,VALORANT,15021,2026-05-11 15:36:41+00:00,15,18,10514.0,175.23,2.92
2026-05-11 18:31:55.244282+00:00,fps_shaka,League of Legends,12792,2026-05-11 11:04:07+00:00,11,18,26868.0,447.8,7.46
2026-05-11 18:31:55.244282+00:00,YoungMulti,Just Chatting,11848,2026-05-11 16:03:40+00:00,16,18,8895.0,148.25,2.47
2026-05-11 18:31:55.244282+00:00,T2x2,Just Chatting,11031,2026-05-11 14:05:38+00:00,14,18,15977.0,266.28,4.44
2026-05-11 18:31:55.244282+00:00,auronplay,Just Chatting,10995,2026-05-11 16:05:37+00:00,16,18,8778.0,146.3,2.44
2026-05-11 18:36:55.717297+00:00,StRoGo,Counter-Strike,61153,2026-05-11 07:13:59+00:00,7,18,40977.0,682.95,11.38
2026-05-11 18:36:55.717297+00:00,加藤純一うん〇ちゃん,Tomodachi Life: Living the Dream,44029,2026-05-11 13:02:32+00:00,13,18,20064.0,334.4,5.57
2026-05-11 18:36:55.717297+00:00,eliasn97,Special Events,42915,2026-05-11 15:45:19+00:00,15,18,10297.0,171.62,2.86
2026-05-11 18:36:55.717297+00:00,buster,Just Chatting,42549,2026-05-11 12:53:08+00:00,12,18,20628.0,343.8,5.73
2026-05-11 18:36:55.717297+00:00,ohnePixel,Counter-Strike,39309,2026-05-11 13:04:04+00:00,13,18,19972.0,332.87,5.55
2026-05-11 18:36:55.717297+00:00,iaspod,,25809,2026-05-11 16:27:31+00:00,16,18,7765.0,129.42,2.16
2026-05-11 18:36:55.717297+00:00,hivise,Rocket League,25434,2026-05-11 14:04:54+00:00,14,18,16322.0,272.03,4.53
2026-05-11 18:36:55.717297+00:00,PGL,Counter-Strike,24658,2026-05-11 04:13:15+00:00,4,18,51821.0,863.68,14.39
2026-05-11 18:36:55.717297+00:00,zarbex,Just Chatting,22881,2026-05-11 15:03:28+00:00,15,18,12808.0,213.47,3.56
2026-05-11 18:36:55.717297+00:00,ESLCS,Counter-Strike,19511,2026-05-11 14:50:12+00:00,14,18,13604.0,226.73,3.78
2026-05-11 18:36:55.717297+00:00,RavshanN,IRL,19024,2026-05-11 15:16:13+00:00,15,18,12043.0,200.72,3.35
2026-05-11 18:36:55.717297+00:00,bratishkinoff,Just Chatting,15903,2026-05-11 15:15:44+00:00,15,18,12072.0,201.2,3.35
2026-05-11 18:36:55.717297+00:00,MartinCirioOk,Just Chatting,15610,2026-05-11 14:24:58+00:00,14,18,15118.0,251.97,4.2
2026-05-11 18:36:55.717297+00:00,MelHssn_,VALORANT,15173,2026-05-11 15:36:41+00:00,15,18,10815.0,180.25,3.0
2026-05-11 18:36:55.717297+00:00,YoungMulti,Just Chatting,13054,2026-05-11 16:03:40+00:00,16,18,9196.0,153.27,2.55
2026-05-11 18:36:55.717297+00:00,fps_shaka,League of Legends,12050,2026-05-11 11:04:07+00:00,11,18,27169.0,452.82,7.55
2026-05-11 18:36:55.717297+00:00,GENSYXA,Just Chatting,11841,2026-05-11 14:26:08+00:00,14,18,15048.0,250.8,4.18
2026-05-11 18:36:55.717297+00:00,auronplay,Just Chatting,11762,2026-05-11 16:05:37+00:00,16,18,9079.0,151.32,2.52
2026-05-11 18:36:55.717297+00:00,T2x2,Just Chatting,10852,2026-05-11 14:05:38+00:00,14,18,16278.0,271.3,4.52
2026-05-11 18:36:55.717297+00:00,TheIconLeague,Special Events,10321,2026-05-11 15:45:19+00:00,15,18,10297.0,171.62,2.86
2026-05-11 18:41:56.150233+00:00,StRoGo,Counter-Strike,44832,2026-05-11 07:13:59+00:00,7,18,41277.0,687.95,11.47
2026-05-11 18:41:56.150233+00:00,buster,Just Chatting,40856,2026-05-11 12:53:08+00:00,12,18,20928.0,348.8,5.81
2026-05-11 18:41:56.150233+00:00,ohnePixel,Counter-Strike,37541,2026-05-11 13:04:04+00:00,13,18,20272.0,337.87,5.63
2026-05-11 18:41:56.150233+00:00,iaspod,,28444,2026-05-11 16:27:31+00:00,16,18,8065.0,134.42,2.24
2026-05-11 18:41:56.150233+00:00,hivise,Rocket League,23836,2026-05-11 14:04:54+00:00,14,18,16622.0,277.03,4.62
2026-05-11 18:41:56.150233+00:00,zarbex,Just Chatting,23375,2026-05-11 15:03:28+00:00,15,18,13108.0,218.47,3.64
2026-05-11 18:41:56.150233+00:00,ESLCS,Counter-Strike,21761,2026-05-11 14:50:12+00:00,14,18,13904.0,231.73,3.86
2026-05-11 18:41:56.150233+00:00,PGL,Counter-Strike,20784,2026-05-11 04:13:15+00:00,4,18,52121.0,868.68,14.48
2026-05-11 18:41:56.150233+00:00,RavshanN,IRL,19499,2026-05-11 15:16:13+00:00,15,18,12343.0,205.72,3.43
2026-05-11 18:41:56.150233+00:00,bratishkinoff,Just Chatting,15859,2026-05-11 15:15:44+00:00,15,18,12372.0,206.2,3.44
2026-05-11 18:41:56.150233+00:00,auronplay,Minecraft,15492,2026-05-11 16:05:37+00:00,16,18,9379.0,156.32,2.61
2026-05-11 18:41:56.150233+00:00,MelHssn_,VALORANT,15421,2026-05-11 15:36:41+00:00,15,18,11115.0,185.25,3.09
2026-05-11 18:41:56.150233+00:00,MartinCirioOk,Just Chatting,15396,2026-05-11 14:24:58+00:00,14,18,15418.0,256.97,4.28
2026-05-11 18:41:56.150233+00:00,YoungMulti,Just Chatting,14385,2026-05-11 16:03:40+00:00,16,18,9496.0,158.27,2.64
2026-05-11 18:41:56.150233+00:00,eliasn97,Special Events,13666,2026-05-11 16:38:58+00:00,16,18,7378.0,122.97,2.05
2026-05-11 18:41:56.150233+00:00,fps_shaka,League of Legends,11869,2026-05-11 11:04:07+00:00,11,18,27469.0,457.82,7.63
2026-05-11 18:41:56.150233+00:00,GENSYXA,Just Chatting,11094,2026-05-11 14:26:08+00:00,14,18,15348.0,255.8,4.26
2026-05-11 18:41:56.150233+00:00,T2x2,Just Chatting,10699,2026-05-11 14:05:38+00:00,14,18,16578.0,276.3,4.61
2026-05-11 18:41:56.150233+00:00,ZeratoR,Battlestar Galactica: Scattered Hopes,10155,2026-05-11 15:33:24+00:00,15,18,11312.0,188.53,3.14
2026-05-11 18:41:56.150233+00:00,LIRIK,Don't Panic! It Is Just Turbulence,9436,2026-05-11 16:08:18+00:00,16,18,9218.0,153.63,2.56
2026-05-11 18:46:56.616742+00:00,buster,Just Chatting,41208,2026-05-11 12:53:08+00:00,12,18,21229.0,353.82,5.9
2026-05-11 18:46:56.616742+00:00,StRoGo,Counter-Strike,39983,2026-05-11 07:13:59+00:00,7,18,41578.0,692.97,11.55
2026-05-11 18:46:56.616742+00:00,ohnePixel,Counter-Strike,38794,2026-05-11 13:04:04+00:00,13,18,20573.0,342.88,5.71
2026-05-11 18:46:56.616742+00:00,iaspod,,30408,2026-05-11 16:27:31+00:00,16,18,8366.0,139.43,2.32
2026-05-11 18:46:56.616742+00:00,ESLCS,Counter-Strike,23181,2026-05-11 14:50:12+00:00,14,18,14205.0,236.75,3.95
2026-05-11 18:46:56.616742+00:00,zarbex,Just Chatting,23076,2026-05-11 15:03:28+00:00,15,18,13409.0,223.48,3.72
2026-05-11 18:46:56.616742+00:00,eliasn97,Special Events,21686,2026-05-11 16:38:58+00:00,16,18,7679.0,127.98,2.13
2026-05-11 18:46:56.616742+00:00,RavshanN,IRL,20282,2026-05-11 15:16:13+00:00,15,18,12644.0,210.73,3.51
2026-05-11 18:46:56.616742+00:00,PGL,Counter-Strike,17917,2026-05-11 04:13:15+00:00,4,18,52422.0,873.7,14.56
2026-05-11 18:46:56.616742+00:00,MelHssn_,VALORANT,15850,2026-05-11 15:36:41+00:00,15,18,11416.0,190.27,3.17
2026-05-11 18:46:56.616742+00:00,bratishkinoff,Just Chatting,15385,2026-05-11 15:15:44+00:00,15,18,12673.0,211.22,3.52
2026-05-11 18:46:56.616742+00:00,YoungMulti,Just Chatting,15347,2026-05-11 16:03:40+00:00,16,18,9797.0,163.28,2.72
2026-05-11 18:46:56.616742+00:00,MartinCirioOk,Just Chatting,15145,2026-05-11 14:24:58+00:00,14,18,15719.0,261.98,4.37
2026-05-11 18:46:56.616742+00:00,auronplay,Minecraft,13813,2026-05-11 16:05:37+00:00,16,18,9680.0,161.33,2.69
2026-05-11 18:46:56.616742+00:00,fps_shaka,League of Legends,11674,2026-05-11 11:04:07+00:00,11,18,27770.0,462.83,7.71
2026-05-11 18:46:56.616742+00:00,GENSYXA,Just Chatting,11247,2026-05-11 14:26:08+00:00,14,18,15649.0,260.82,4.35
2026-05-11 18:46:56.616742+00:00,T2x2,Just Chatting,10579,2026-05-11 14:05:38+00:00,14,18,16879.0,281.32,4.69
2026-05-11 18:46:56.616742+00:00,LIRIK,Don't Panic! It Is Just Turbulence,10153,2026-05-11 16:08:18+00:00,16,18,9519.0,158.65,2.64
2026-05-11 18:46:56.616742+00:00,Northernlion,Counter-Strike,9487,2026-05-11 16:01:53+00:00,16,18,9904.0,165.07,2.75
2026-05-11 18:46:56.616742+00:00,ZeratoR,Battlestar Galactica: Scattered Hopes,8897,2026-05-11 15:33:24+00:00,15,18,11613.0,193.55,3.23
2026-05-11 18:51:57.071242+00:00,ohnePixel,Counter-Strike,39820,2026-05-11 13:04:04+00:00,13,18,20873.0,347.88,5.8
2026-05-11 18:51:57.071242+00:00,buster,Just Chatting,39483,2026-05-11 12:53:08+00:00,12,18,21529.0,358.82,5.98
2026-05-11 18:51:57.071242+00:00,StRoGo,Counter-Strike,37458,2026-05-11 07:13:59+00:00,7,18,41878.0,697.97,11.63
2026-05-11 18:51:57.071242+00:00,eliasn97,Special Events,28118,2026-05-11 16:38:58+00:00,16,18,7979.0,132.98,2.22
2026-05-11 18:51:57.071242+00:00,ESLCS,Counter-Strike,25248,2026-05-11 14:50:12+00:00,14,18,14505.0,241.75,4.03
2026-05-11 18:51:57.071242+00:00,zarbex,Just Chatting,22791,2026-05-11 15:03:28+00:00,15,18,13709.0,228.48,3.81
2026-05-11 18:51:57.071242+00:00,RavshanN,IRL,21203,2026-05-11 15:16:13+00:00,15,18,12944.0,215.73,3.6
2026-05-11 18:51:57.071242+00:00,YoungMulti,Just Chatting,15752,2026-05-11 16:03:40+00:00,16,18,10097.0,168.28,2.8
2026-05-11 18:51:57.071242+00:00,bratishkinoff,Just Chatting,15692,2026-05-11 15:15:44+00:00,15,18,12973.0,216.22,3.6
2026-05-11 18:51:57.071242+00:00,MartinCirioOk,Just Chatting,14935,2026-05-11 14:24:58+00:00,14,18,16019.0,266.98,4.45
2026-05-11 18:51:57.071242+00:00,auronplay,Minecraft,14169,2026-05-11 16:05:37+00:00,16,18,9980.0,166.33,2.77
2026-05-11 18:51:57.071242+00:00,fps_shaka,League of Legends,11178,2026-05-11 11:04:07+00:00,11,18,28070.0,467.83,7.8
2026-05-11 18:51:57.071242+00:00,GENSYXA,Just Chatting,10900,2026-05-11 14:26:08+00:00,14,18,15949.0,265.82,4.43
2026-05-11 18:51:57.071242+00:00,T2x2,Just Chatting,10579,2026-05-11 14:05:38+00:00,14,18,17179.0,286.32,4.77
2026-05-11 18:51:57.071242+00:00,Northernlion,Counter-Strike,9734,2026-05-11 16:01:53+00:00,16,18,10204.0,170.07,2.83
2026-05-11 18:51:57.071242+00:00,LIRIK,Don't Panic! It Is Just Turbulence,9588,2026-05-11 16:08:18+00:00,16,18,9819.0,163.65,2.73
2026-05-11 18:51:57.071242+00:00,ZeratoR,Battlestar Galactica: Scattered Hopes,9120,2026-05-11 15:33:24+00:00,15,18,11913.0,198.55,3.31
2026-05-11 18:51:57.071242+00:00,bySL4M,Counter-Strike,8772,2026-05-11 16:34:46+00:00,16,18,8231.0,137.18,2.29
2026-05-11 18:51:57.071242+00:00,NoWay4u_Sir,Dota 2,8631,2026-05-11 13:15:51+00:00,13,18,20166.0,336.1,5.6
2026-05-11 18:51:57.071242+00:00,Domingo,Kings League,8568,2026-05-11 16:23:15+00:00,16,18,8922.0,148.7,2.48
2026-05-11 18:56:57.536573+00:00,ohnePixel,Counter-Strike,38862,2026-05-11 13:04:04+00:00,13,18,21174.0,352.9,5.88
2026-05-11 18:56:57.536573+00:00,StRoGo,Counter-Strike,35581,2026-05-11 07:13:59+00:00,7,18,42179.0,702.98,11.72
2026-05-11 18:56:57.536573+00:00,buster,Just Chatting,34499,2026-05-11 12:53:08+00:00,12,18,21830.0,363.83,6.06
2026-05-11 18:56:57.536573+00:00,eliasn97,Special Events,34200,2026-05-11 16:38:58+00:00,16,18,8280.0,138.0,2.3
2026-05-11 18:56:57.536573+00:00,ESLCS,Counter-Strike,25971,2026-05-11 14:50:12+00:00,14,18,14806.0,246.77,4.11
2026-05-11 18:56:57.536573+00:00,zarbex,Just Chatting,23123,2026-05-11 15:03:28+00:00,15,18,14010.0,233.5,3.89
2026-05-11 18:56:57.536573+00:00,RavshanN,IRL,21617,2026-05-11 15:16:13+00:00,15,18,13245.0,220.75,3.68
2026-05-11 18:56:57.536573+00:00,bratishkinoff,Just Chatting,16037,2026-05-11 15:15:44+00:00,15,18,13274.0,221.23,3.69
2026-05-11 18:56:57.536573+00:00,YoungMulti,Just Chatting,16026,2026-05-11 16:03:40+00:00,16,18,10398.0,173.3,2.89
2026-05-11 18:56:57.536573+00:00,MartinCirioOk,Just Chatting,14611,2026-05-11 14:24:58+00:00,14,18,16320.0,272.0,4.53
2026-05-11 18:56:57.536573+00:00,auronplay,Minecraft,14353,2026-05-11 16:05:37+00:00,16,18,10281.0,171.35,2.86
2026-05-11 18:56:57.536573+00:00,MelHssn_,VALORANT,12413,2026-05-11 16:51:21+00:00,16,18,7537.0,125.62,2.09
2026-05-11 18:56:57.536573+00:00,LIRIK,Don't Panic! It Is Just Turbulence,11574,2026-05-11 16:08:18+00:00,16,18,10120.0,168.67,2.81
2026-05-11 18:56:57.536573+00:00,GENSYXA,Just Chatting,11517,2026-05-11 14:26:08+00:00,14,18,16250.0,270.83,4.51
2026-05-11 18:56:57.536573+00:00,sasavot,Just Chatting,10938,2026-05-11 16:41:06+00:00,16,18,8152.0,135.87,2.26
2026-05-11 18:56:57.536573+00:00,fps_shaka,League of Legends,10922,2026-05-11 11:04:07+00:00,11,18,28371.0,472.85,7.88
2026-05-11 18:56:57.536573+00:00,T2x2,Just Chatting,10402,2026-05-11 14:05:38+00:00,14,18,17480.0,291.33,4.86
2026-05-11 18:56:57.536573+00:00,Northernlion,Counter-Strike,9911,2026-05-11 16:01:53+00:00,16,18,10505.0,175.08,2.92
2026-05-11 18:56:57.536573+00:00,bySL4M,Counter-Strike,9796,2026-05-11 16:34:46+00:00,16,18,8532.0,142.2,2.37
2026-05-11 18:56:57.536573+00:00,Domingo,Kings League,9652,2026-05-11 16:23:15+00:00,16,18,9223.0,153.72,2.56
2026-05-11 19:01:58.026528+00:00,eliasn97,Special Events,40833,2026-05-11 16:38:58+00:00,16,19,8580.0,143.0,2.38
2026-05-11 19:01:58.026528+00:00,StRoGo,Counter-Strike,36264,2026-05-11 07:13:59+00:00,7,19,42479.0,707.98,11.8
2026-05-11 19:01:58.026528+00:00,ohnePixel,Counter-Strike,35340,2026-05-11 13:04:04+00:00,13,19,21474.0,357.9,5.96
2026-05-11 19:01:58.026528+00:00,buster,Just Chatting,31067,2026-05-11 12:53:08+00:00,12,19,22130.0,368.83,6.15
2026-05-11 19:01:58.026528+00:00,ESLCS,Counter-Strike,26261,2026-05-11 14:50:12+00:00,14,19,15106.0,251.77,4.2
2026-05-11 19:01:58.026528+00:00,zarbex,Just Chatting,23123,2026-05-11 15:03:28+00:00,15,19,14310.0,238.5,3.98
2026-05-11 19:01:58.026528+00:00,RavshanN,IRL,19099,2026-05-11 15:16:13+00:00,15,19,13545.0,225.75,3.76
2026-05-11 19:01:58.026528+00:00,YoungMulti,Just Chatting,17832,2026-05-11 16:03:40+00:00,16,19,10698.0,178.3,2.97
2026-05-11 19:01:58.026528+00:00,bratishkinoff,Just Chatting,16204,2026-05-11 15:15:44+00:00,15,19,13574.0,226.23,3.77
2026-05-11 19:01:58.026528+00:00,auronplay,Minecraft,15261,2026-05-11 16:05:37+00:00,16,19,10581.0,176.35,2.94
2026-05-11 19:01:58.026528+00:00,sasavot,Just Chatting,12169,2026-05-11 16:41:06+00:00,16,19,8452.0,140.87,2.35
2026-05-11 19:01:58.026528+00:00,LIRIK,Don't Panic! It Is Just Turbulence,11806,2026-05-11 16:08:18+00:00,16,19,10420.0,173.67,2.89
2026-05-11 19:01:58.026528+00:00,GENSYXA,Just Chatting,11780,2026-05-11 14:26:08+00:00,14,19,16550.0,275.83,4.6
2026-05-11 19:01:58.026528+00:00,fps_shaka,League of Legends,10648,2026-05-11 11:04:07+00:00,11,19,28671.0,477.85,7.96
2026-05-11 19:01:58.026528+00:00,TheIconLeague,Special Events,10396,2026-05-11 16:38:58+00:00,16,19,8580.0,143.0,2.38
2026-05-11 19:01:58.026528+00:00,bySL4M,Counter-Strike,10323,2026-05-11 16:34:46+00:00,16,19,8832.0,147.2,2.45
2026-05-11 19:01:58.026528+00:00,Northernlion,Counter-Strike,10288,2026-05-11 16:01:53+00:00,16,19,10805.0,180.08,3.0
2026-05-11 19:01:58.026528+00:00,T2x2,Just Chatting,10268,2026-05-11 14:05:38+00:00,14,19,17780.0,296.33,4.94
2026-05-11 19:01:58.026528+00:00,Domingo,Kings League,10262,2026-05-11 16:23:15+00:00,16,19,9523.0,158.72,2.65
2026-05-11 19:01:58.026528+00:00,loltyler1,League of Legends,9442,2026-05-11 16:18:30+00:00,16,19,9808.0,163.47,2.72
2026-05-11 19:06:58.519782+00:00,eliasn97,Special Events,46374,2026-05-11 16:38:58+00:00,16,19,8881.0,148.02,2.47
2026-05-11 19:06:58.519782+00:00,StRoGo,Counter-Strike,34997,2026-05-11 07:13:59+00:00,7,19,42780.0,713.0,11.88
2026-05-11 19:06:58.519782+00:00,ohnePixel,Counter-Strike,33631,2026-05-11 13:04:04+00:00,13,19,21775.0,362.92,6.05
2026-05-11 19:06:58.519782+00:00,ESLCS,Counter-Strike,28438,2026-05-11 14:50:12+00:00,14,19,15407.0,256.78,4.28
2026-05-11 19:06:58.519782+00:00,buster,Just Chatting,28057,2026-05-11 12:53:08+00:00,12,19,22431.0,373.85,6.23
2026-05-11 19:06:58.519782+00:00,zarbex,Just Chatting,21719,2026-05-11 15:03:28+00:00,15,19,14611.0,243.52,4.06
2026-05-11 19:06:58.519782+00:00,YoungMulti,Just Chatting,17624,2026-05-11 16:03:40+00:00,16,19,10999.0,183.32,3.06
2026-05-11 19:06:58.519782+00:00,bratishkinoff,Just Chatting,16660,2026-05-11 15:15:44+00:00,15,19,13875.0,231.25,3.85
2026-05-11 19:06:58.519782+00:00,RavshanN,IRL,15485,2026-05-11 15:16:13+00:00,15,19,13846.0,230.77,3.85
2026-05-11 19:06:58.519782+00:00,anarabdullaev,IRL,15146,2026-05-11 17:00:42+00:00,17,19,7577.0,126.28,2.1
2026-05-11 19:06:58.519782+00:00,auronplay,Minecraft,15127,2026-05-11 16:05:37+00:00,16,19,10882.0,181.37,3.02
2026-05-11 19:06:58.519782+00:00,sasavot,Just Chatting,12942,2026-05-11 16:41:06+00:00,16,19,8753.0,145.88,2.43
2026-05-11 19:06:58.519782+00:00,Domingo,Kings League,12845,2026-05-11 16:23:15+00:00,16,19,9824.0,163.73,2.73
2026-05-11 19:06:58.519782+00:00,GENSYXA,Just Chatting,12668,2026-05-11 14:26:08+00:00,14,19,16851.0,280.85,4.68
2026-05-11 19:06:58.519782+00:00,MelHssn_,VALORANT,12666,2026-05-11 17:01:00+00:00,17,19,7559.0,125.98,2.1
2026-05-11 19:06:58.519782+00:00,LIRIK,Don't Panic! It Is Just Turbulence,11952,2026-05-11 16:08:18+00:00,16,19,10721.0,178.68,2.98
2026-05-11 19:06:58.519782+00:00,TheIconLeague,Special Events,11796,2026-05-11 16:38:58+00:00,16,19,8881.0,148.02,2.47
2026-05-11 19:06:58.519782+00:00,bySL4M,Counter-Strike,10883,2026-05-11 16:34:46+00:00,16,19,9133.0,152.22,2.54
2026-05-11 19:06:58.519782+00:00,fps_shaka,League of Legends,10807,2026-05-11 11:04:07+00:00,11,19,28972.0,482.87,8.05
2026-05-11 19:06:58.519782+00:00,loltyler1,League of Legends,10608,2026-05-11 16:18:30+00:00,16,19,10109.0,168.48,2.81
2026-05-11 19:11:58.945606+00:00,eliasn97,Special Events,47903,2026-05-11 16:38:58+00:00,16,19,9181.0,153.02,2.55
2026-05-11 19:11:58.945606+00:00,ohnePixel,Counter-Strike,34910,2026-05-11 13:04:04+00:00,13,19,22075.0,367.92,6.13
2026-05-11 19:11:58.945606+00:00,StRoGo,Counter-Strike,32965,2026-05-11 07:13:59+00:00,7,19,43080.0,718.0,11.97
2026-05-11 19:11:58.945606+00:00,ESLCS,Counter-Strike,30601,2026-05-11 14:50:12+00:00,14,19,15707.0,261.78,4.36
2026-05-11 19:11:58.945606+00:00,buster,Just Chatting,24678,2026-05-11 12:53:08+00:00,12,19,22731.0,378.85,6.31
2026-05-11 19:11:58.945606+00:00,YoungMulti,QSMP,21244,2026-05-11 16:03:40+00:00,16,19,11299.0,188.32,3.14
2026-05-11 19:11:58.945606+00:00,anarabdullaev,IRL,20801,2026-05-11 17:00:42+00:00,17,19,7877.0,131.28,2.19
2026-05-11 19:11:58.945606+00:00,zarbex,Just Chatting,20547,2026-05-11 15:03:28+00:00,15,19,14911.0,248.52,4.14
2026-05-11 19:11:58.945606+00:00,bratishkinoff,Just Chatting,16828,2026-05-11 15:15:44+00:00,15,19,14175.0,236.25,3.94
2026-05-11 19:11:58.945606+00:00,auronplay,Minecraft,15971,2026-05-11 16:05:37+00:00,16,19,11182.0,186.37,3.11
2026-05-11 19:11:58.945606+00:00,sasavot,Counter-Strike,14572,2026-05-11 16:41:06+00:00,16,19,9053.0,150.88,2.51
2026-05-11 19:11:58.945606+00:00,RavshanN,IRL,13965,2026-05-11 15:16:13+00:00,15,19,14146.0,235.77,3.93
2026-05-11 19:11:58.945606+00:00,Domingo,Kings League,13776,2026-05-11 16:23:15+00:00,16,19,10124.0,168.73,2.81
2026-05-11 19:11:58.945606+00:00,TheIconLeague,Special Events,13344,2026-05-11 16:38:58+00:00,16,19,9181.0,153.02,2.55
2026-05-11 19:11:58.945606+00:00,MelHssn_,VALORANT,12469,2026-05-11 17:01:00+00:00,17,19,7859.0,130.98,2.18
2026-05-11 19:11:58.945606+00:00,GENSYXA,Just Chatting,12297,2026-05-11 14:26:08+00:00,14,19,17151.0,285.85,4.76
2026-05-11 19:11:58.945606+00:00,LIRIK,Don't Panic! It Is Just Turbulence,12077,2026-05-11 16:08:18+00:00,16,19,11021.0,183.68,3.06
2026-05-11 19:11:58.945606+00:00,Trymacs,Just Chatting,12003,2026-05-11 16:35:53+00:00,16,19,9366.0,156.1,2.6
2026-05-11 19:11:58.945606+00:00,bySL4M,Counter-Strike,11531,2026-05-11 16:34:46+00:00,16,19,9433.0,157.22,2.62
2026-05-11 19:11:58.945606+00:00,fps_shaka,League of Legends,11124,2026-05-11 11:04:07+00:00,11,19,29272.0,487.87,8.13
2026-05-11 19:16:59.392890+00:00,eliasn97,Special Events,47705,2026-05-11 16:38:58+00:00,16,19,9481.0,158.02,2.63
2026-05-11 19:16:59.392890+00:00,ohnePixel,Counter-Strike,37112,2026-05-11 13:04:04+00:00,13,19,22375.0,372.92,6.22
2026-05-11 19:16:59.392890+00:00,StRoGo,Counter-Strike,33387,2026-05-11 07:13:59+00:00,7,19,43380.0,723.0,12.05
2026-05-11 19:16:59.392890+00:00,ESLCS,Counter-Strike,31905,2026-05-11 14:50:12+00:00,14,19,16007.0,266.78,4.45
2026-05-11 19:16:59.392890+00:00,anarabdullaev,IRL,22554,2026-05-11 17:00:42+00:00,17,19,8177.0,136.28,2.27
2026-05-11 19:16:59.392890+00:00,zarbex,Just Chatting,20782,2026-05-11 15:03:28+00:00,15,19,15211.0,253.52,4.23
2026-05-11 19:16:59.392890+00:00,buster,Just Chatting,20600,2026-05-11 12:53:08+00:00,12,19,23031.0,383.85,6.4
2026-05-11 19:16:59.392890+00:00,YoungMulti,QSMP,18983,2026-05-11 16:03:40+00:00,16,19,11599.0,193.32,3.22
2026-05-11 19:16:59.392890+00:00,bratishkinoff,Just Chatting,17056,2026-05-11 15:15:44+00:00,15,19,14475.0,241.25,4.02
2026-05-11 19:16:59.392890+00:00,sasavot,Counter-Strike,15474,2026-05-11 16:41:06+00:00,16,19,9353.0,155.88,2.6
2026-05-11 19:16:59.392890+00:00,auronplay,Minecraft,15431,2026-05-11 16:05:37+00:00,16,19,11482.0,191.37,3.19
2026-05-11 19:16:59.392890+00:00,Domingo,Kings League,14610,2026-05-11 16:23:15+00:00,16,19,10424.0,173.73,2.9
2026-05-11 19:16:59.392890+00:00,RavshanN,IRL,13567,2026-05-11 15:16:13+00:00,15,19,14446.0,240.77,4.01
2026-05-11 19:16:59.392890+00:00,Trymacs,Just Chatting,12839,2026-05-11 16:35:53+00:00,16,19,9666.0,161.1,2.68
2026-05-11 19:16:59.392890+00:00,TheIconLeague,Special Events,12721,2026-05-11 16:38:58+00:00,16,19,9481.0,158.02,2.63
2026-05-11 19:16:59.392890+00:00,LIRIK,Don't Panic! It Is Just Turbulence,12291,2026-05-11 16:08:18+00:00,16,19,11321.0,188.68,3.14
2026-05-11 19:16:59.392890+00:00,GENSYXA,Just Chatting,12008,2026-05-11 14:26:08+00:00,14,19,17451.0,290.85,4.85
2026-05-11 19:16:59.392890+00:00,fps_shaka,League of Legends,11266,2026-05-11 11:04:07+00:00,11,19,29572.0,492.87,8.21
2026-05-11 19:16:59.392890+00:00,bySL4M,Counter-Strike,10998,2026-05-11 16:34:46+00:00,16,19,9733.0,162.22,2.7
2026-05-11 19:16:59.392890+00:00,Tumblurr,Kings League,10923,2026-05-11 17:08:07+00:00,17,19,7732.0,128.87,2.15
2026-05-11 19:21:59.840914+00:00,eliasn97,Special Events,46348,2026-05-11 16:38:58+00:00,16,19,9782.0,163.03,2.72
2026-05-11 19:21:59.840914+00:00,ohnePixel,Counter-Strike,41020,2026-05-11 13:04:04+00:00,13,19,22676.0,377.93,6.3
2026-05-11 19:21:59.840914+00:00,StRoGo,Counter-Strike,35085,2026-05-11 07:13:59+00:00,7,19,43681.0,728.02,12.13
2026-05-11 19:21:59.840914+00:00,ESLCS,Counter-Strike,33213,2026-05-11 14:50:12+00:00,14,19,16308.0,271.8,4.53
2026-05-11 19:21:59.840914+00:00,anarabdullaev,IRL,24284,2026-05-11 17:00:42+00:00,17,19,8478.0,141.3,2.36
2026-05-11 19:21:59.840914+00:00,zarbex,Just Chatting,20782,2026-05-11 15:03:28+00:00,15,19,15512.0,258.53,4.31
2026-05-11 19:21:59.840914+00:00,YoungMulti,QSMP,20203,2026-05-11 16:03:40+00:00,16,19,11900.0,198.33,3.31
2026-05-11 19:21:59.840914+00:00,bratishkinoff,Just Chatting,17478,2026-05-11 15:15:44+00:00,15,19,14776.0,246.27,4.1
2026-05-11 19:21:59.840914+00:00,sasavot,Counter-Strike,16698,2026-05-11 16:41:06+00:00,16,19,9654.0,160.9,2.68
2026-05-11 19:21:59.840914+00:00,auronplay,Minecraft,15805,2026-05-11 16:05:37+00:00,16,19,11783.0,196.38,3.27
2026-05-11 19:21:59.840914+00:00,Domingo,Kings League,15292,2026-05-11 16:23:15+00:00,16,19,10725.0,178.75,2.98
2026-05-11 19:21:59.840914+00:00,Tumblurr,Kings League,13635,2026-05-11 17:08:07+00:00,17,19,8033.0,133.88,2.23
2026-05-11 19:21:59.840914+00:00,Trymacs,Just Chatting,13519,2026-05-11 16:35:53+00:00,16,19,9967.0,166.12,2.77
2026-05-11 19:21:59.840914+00:00,RavshanN,IRL,12973,2026-05-11 15:16:13+00:00,15,19,14747.0,245.78,4.1
2026-05-11 19:21:59.840914+00:00,LIRIK,Don't Panic! It Is Just Turbulence,12645,2026-05-11 16:08:18+00:00,16,19,11622.0,193.7,3.23
2026-05-11 19:21:59.840914+00:00,TheIconLeague,Special Events,11846,2026-05-11 16:38:58+00:00,16,19,9782.0,163.03,2.72
2026-05-11 19:21:59.840914+00:00,bySL4M,Counter-Strike,11531,2026-05-11 16:34:46+00:00,16,19,10034.0,167.23,2.79
2026-05-11 19:21:59.840914+00:00,GENSYXA,Just Chatting,11357,2026-05-11 14:26:08+00:00,14,19,17752.0,295.87,4.93
2026-05-11 19:21:59.840914+00:00,fps_shaka,League of Legends,11266,2026-05-11 11:04:07+00:00,11,19,29873.0,497.88,8.3
2026-05-11 19:27:00.258453+00:00,eliasn97,Special Events,47095,2026-05-11 16:38:58+00:00,16,19,10082.0,168.03,2.8
2026-05-11 19:27:00.258453+00:00,ohnePixel,League of Legends,37257,2026-05-11 13:04:04+00:00,13,19,22976.0,382.93,6.38
2026-05-11 19:27:00.258453+00:00,StRoGo,Counter-Strike,36104,2026-05-11 07:13:59+00:00,7,19,43981.0,733.02,12.22
2026-05-11 19:27:00.258453+00:00,anarabdullaev,IRL,26535,2026-05-11 17:00:42+00:00,17,19,8778.0,146.3,2.44
2026-05-11 19:27:00.258453+00:00,zarbex,Just Chatting,20541,2026-05-11 15:03:28+00:00,15,19,15812.0,263.53,4.39
2026-05-11 19:27:00.258453+00:00,sasavot,Counter-Strike,20028,2026-05-11 16:41:06+00:00,16,19,9954.0,165.9,2.76
2026-05-11 19:27:00.258453+00:00,YoungMulti,QSMP,19916,2026-05-11 16:03:40+00:00,16,19,12200.0,203.33,3.39
2026-05-11 19:27:00.258453+00:00,ESLCS,Counter-Strike,19512,2026-05-11 14:50:12+00:00,14,19,16608.0,276.8,4.61
2026-05-11 19:27:00.258453+00:00,bratishkinoff,Just Chatting,17666,2026-05-11 15:15:44+00:00,15,19,15076.0,251.27,4.19
2026-05-11 19:27:00.258453+00:00,Domingo,Kings League,16644,2026-05-11 16:23:15+00:00,16,19,11025.0,183.75,3.06
2026-05-11 19:27:00.258453+00:00,auronplay,Minecraft,15984,2026-05-11 16:05:37+00:00,16,19,12083.0,201.38,3.36
2026-05-11 19:27:00.258453+00:00,Tumblurr,Kings League,15585,2026-05-11 17:08:07+00:00,17,19,8333.0,138.88,2.31
2026-05-11 19:27:00.258453+00:00,Trymacs,Just Chatting,14600,2026-05-11 16:35:53+00:00,16,19,10267.0,171.12,2.85
2026-05-11 19:27:00.258453+00:00,RavshanN,IRL,13006,2026-05-11 15:16:13+00:00,15,19,15047.0,250.78,4.18
2026-05-11 19:27:00.258453+00:00,LIRIK,Don't Panic! It Is Just Turbulence,12944,2026-05-11 16:08:18+00:00,16,19,11922.0,198.7,3.31
2026-05-11 19:27:00.258453+00:00,loltyler1,League of Legends,12788,2026-05-11 16:18:30+00:00,16,19,11310.0,188.5,3.14
2026-05-11 19:27:00.258453+00:00,bySL4M,Counter-Strike,12095,2026-05-11 16:34:46+00:00,16,19,10334.0,172.23,2.87
2026-05-11 19:27:00.258453+00:00,TheIconLeague,Special Events,11962,2026-05-11 16:38:58+00:00,16,19,10082.0,168.03,2.8
2026-05-11 19:27:00.258453+00:00,fps_shaka,League of Legends,11439,2026-05-11 11:04:07+00:00,11,19,30173.0,502.88,8.38
2026-05-11 19:27:00.258453+00:00,juansguarnizo,QSMP,11278,2026-05-11 16:45:51+00:00,16,19,9669.0,161.15,2.69
2026-05-11 19:32:00.749221+00:00,eliasn97,Special Events,47095,2026-05-11 16:38:58+00:00,16,19,10383.0,173.05,2.88
2026-05-11 19:32:00.749221+00:00,StRoGo,Counter-Strike,36751,2026-05-11 07:13:59+00:00,7,19,44282.0,738.03,12.3
2026-05-11 19:32:00.749221+00:00,ohnePixel,League of Legends,36511,2026-05-11 13:04:04+00:00,13,19,23277.0,387.95,6.47
2026-05-11 19:32:00.749221+00:00,anarabdullaev,IRL,28889,2026-05-11 17:00:42+00:00,17,19,9079.0,151.32,2.52
2026-05-11 19:32:00.749221+00:00,zarbex,Just Chatting,20860,2026-05-11 15:03:28+00:00,15,19,16113.0,268.55,4.48
2026-05-11 19:32:00.749221+00:00,YoungMulti,QSMP,20656,2026-05-11 16:03:40+00:00,16,19,12501.0,208.35,3.47
2026-05-11 19:32:00.749221+00:00,sasavot,Counter-Strike,19394,2026-05-11 16:41:06+00:00,16,19,10255.0,170.92,2.85
2026-05-11 19:32:00.749221+00:00,ESLCS,Counter-Strike,18355,2026-05-11 14:50:12+00:00,14,19,16909.0,281.82,4.7
2026-05-11 19:32:00.749221+00:00,bratishkinoff,Just Chatting,17373,2026-05-11 15:15:44+00:00,15,19,15377.0,256.28,4.27
2026-05-11 19:32:00.749221+00:00,Domingo,Kings League,16992,2026-05-11 16:23:15+00:00,16,19,11326.0,188.77,3.15
2026-05-11 19:32:00.749221+00:00,Tumblurr,Kings League,16678,2026-05-11 17:08:07+00:00,17,19,8634.0,143.9,2.4
2026-05-11 19:32:00.749221+00:00,auronplay,Minecraft,16232,2026-05-11 16:05:37+00:00,16,19,12384.0,206.4,3.44
2026-05-11 19:32:00.749221+00:00,Trymacs,Just Chatting,15503,2026-05-11 16:35:53+00:00,16,19,10568.0,176.13,2.94
2026-05-11 19:32:00.749221+00:00,Rainbow6,Rainbow Six Siege,14930,2026-05-11 17:20:22+00:00,17,19,7899.0,131.65,2.19
2026-05-11 19:32:00.749221+00:00,RavshanN,IRL,13707,2026-05-11 15:16:13+00:00,15,19,15348.0,255.8,4.26
2026-05-11 19:32:00.749221+00:00,loltyler1,League of Legends,13086,2026-05-11 16:18:30+00:00,16,19,11611.0,193.52,3.23
2026-05-11 19:32:00.749221+00:00,LIRIK,Don't Panic! It Is Just Turbulence,12667,2026-05-11 16:08:18+00:00,16,19,12223.0,203.72,3.4
2026-05-11 19:32:00.749221+00:00,bySL4M,Counter-Strike,12223,2026-05-11 16:34:46+00:00,16,19,10635.0,177.25,2.95
2026-05-11 19:32:00.749221+00:00,TheIconLeague,Special Events,12083,2026-05-11 16:38:58+00:00,16,19,10383.0,173.05,2.88
2026-05-11 19:32:00.749221+00:00,Northernlion,Counter-Strike,11277,2026-05-11 16:01:53+00:00,16,19,12608.0,210.13,3.5
2026-05-11 19:37:01.176691+00:00,eliasn97,Special Events,48354,2026-05-11 16:38:58+00:00,16,19,10683.0,178.05,2.97
2026-05-11 19:37:01.176691+00:00,StRoGo,Counter-Strike,38595,2026-05-11 07:13:59+00:00,7,19,44582.0,743.03,12.38
2026-05-11 19:37:01.176691+00:00,ohnePixel,League of Legends,37065,2026-05-11 13:04:04+00:00,13,19,23577.0,392.95,6.55
2026-05-11 19:37:01.176691+00:00,anarabdullaev,IRL,26403,2026-05-11 17:00:42+00:00,17,19,9379.0,156.32,2.61
2026-05-11 19:37:01.176691+00:00,YoungMulti,QSMP,20943,2026-05-11 16:03:40+00:00,16,19,12801.0,213.35,3.56
2026-05-11 19:37:01.176691+00:00,zarbex,Just Chatting,20860,2026-05-11 15:03:28+00:00,15,19,16413.0,273.55,4.56
2026-05-11 19:37:01.176691+00:00,ESLCS,Counter-Strike,19929,2026-05-11 14:50:12+00:00,14,19,17209.0,286.82,4.78
2026-05-11 19:37:01.176691+00:00,sasavot,Counter-Strike,19684,2026-05-11 16:41:06+00:00,16,19,10555.0,175.92,2.93
2026-05-11 19:37:01.176691+00:00,Tumblurr,Kings League,18110,2026-05-11 17:08:07+00:00,17,19,8934.0,148.9,2.48
2026-05-11 19:37:01.176691+00:00,bratishkinoff,Just Chatting,17598,2026-05-11 15:15:44+00:00,15,19,15677.0,261.28,4.35
2026-05-11 19:37:01.176691+00:00,Domingo,Kings League,17563,2026-05-11 16:23:15+00:00,16,19,11626.0,193.77,3.23
2026-05-11 19:37:01.176691+00:00,auronplay,Minecraft,16069,2026-05-11 16:05:37+00:00,16,19,12684.0,211.4,3.52
2026-05-11 19:37:01.176691+00:00,Rainbow6,Rainbow Six Siege,14212,2026-05-11 17:20:22+00:00,17,19,8199.0,136.65,2.28
2026-05-11 19:37:01.176691+00:00,loltyler1,League of Legends,13921,2026-05-11 16:18:30+00:00,16,19,11911.0,198.52,3.31
2026-05-11 19:37:01.176691+00:00,Trymacs,Just Chatting,13550,2026-05-11 16:35:53+00:00,16,19,10868.0,181.13,3.02
2026-05-11 19:37:01.176691+00:00,LIRIK,Arma Reforger,12447,2026-05-11 16:08:18+00:00,16,19,12523.0,208.72,3.48
2026-05-11 19:37:01.176691+00:00,xQc,Just Chatting,12410,2026-05-11 17:19:19+00:00,17,19,8262.0,137.7,2.3
2026-05-11 19:37:01.176691+00:00,TheIconLeague,Special Events,12258,2026-05-11 16:38:58+00:00,16,19,10683.0,178.05,2.97
2026-05-11 19:37:01.176691+00:00,RavshanN,IRL,12143,2026-05-11 15:16:13+00:00,15,19,15648.0,260.8,4.35
2026-05-11 19:37:01.176691+00:00,MelHssn_,VALORANT,11806,2026-05-11 17:21:46+00:00,17,19,8115.0,135.25,2.25
2026-05-11 19:42:01.668199+00:00,frozixyttw,,48801,2026-05-11 17:23:46+00:00,17,19,8296.0,138.27,2.3
2026-05-11 19:42:01.668199+00:00,eliasn97,Special Events,48354,2026-05-11 16:38:58+00:00,16,19,10984.0,183.07,3.05
2026-05-11 19:42:01.668199+00:00,StRoGo,Counter-Strike,39596,2026-05-11 07:13:59+00:00,7,19,44883.0,748.05,12.47
2026-05-11 19:42:01.668199+00:00,ohnePixel,League of Legends,37463,2026-05-11 13:04:04+00:00,13,19,23878.0,397.97,6.63
2026-05-11 19:42:01.668199+00:00,anarabdullaev,IRL,28076,2026-05-11 17:00:42+00:00,17,19,9680.0,161.33,2.69
2026-05-11 19:42:01.668199+00:00,Tumblurr,Kings League,21499,2026-05-11 17:08:07+00:00,17,19,9235.0,153.92,2.57
2026-05-11 19:42:01.668199+00:00,YoungMulti,QSMP,21393,2026-05-11 16:03:40+00:00,16,19,13102.0,218.37,3.64
2026-05-11 19:42:01.668199+00:00,zarbex,Just Chatting,21088,2026-05-11 15:03:28+00:00,15,19,16714.0,278.57,4.64
2026-05-11 19:42:01.668199+00:00,ESLCS,Counter-Strike,20934,2026-05-11 14:50:12+00:00,14,19,17510.0,291.83,4.86
2026-05-11 19:42:01.668199+00:00,sasavot,Counter-Strike,20693,2026-05-11 16:41:06+00:00,16,19,10856.0,180.93,3.02
2026-05-11 19:42:01.668199+00:00,Rainbow6,Rainbow Six Siege,19444,2026-05-11 17:20:22+00:00,17,19,8500.0,141.67,2.36
2026-05-11 19:42:01.668199+00:00,Domingo,Kings League,17924,2026-05-11 16:23:15+00:00,16,19,11927.0,198.78,3.31
2026-05-11 19:42:01.668199+00:00,bratishkinoff,Just Chatting,17395,2026-05-11 15:15:44+00:00,15,19,15978.0,266.3,4.44
2026-05-11 19:42:01.668199+00:00,auronplay,Minecraft,16237,2026-05-11 16:05:37+00:00,16,19,12985.0,216.42,3.61
2026-05-11 19:42:01.668199+00:00,loltyler1,League of Legends,15060,2026-05-11 16:18:30+00:00,16,19,12212.0,203.53,3.39
2026-05-11 19:42:01.668199+00:00,xQc,Just Chatting,13377,2026-05-11 17:19:19+00:00,17,19,8563.0,142.72,2.38
2026-05-11 19:42:01.668199+00:00,Trymacs,Just Chatting,13325,2026-05-11 16:35:53+00:00,16,19,11169.0,186.15,3.1
2026-05-11 19:42:01.668199+00:00,MelHssn_,VALORANT,12844,2026-05-11 17:21:46+00:00,17,19,8416.0,140.27,2.34
2026-05-11 19:42:01.668199+00:00,TheIconLeague,Special Events,12505,2026-05-11 16:38:58+00:00,16,19,10984.0,183.07,3.05
2026-05-11 19:42:01.668199+00:00,LIRIK,Arma Reforger,11886,2026-05-11 16:08:18+00:00,16,19,12824.0,213.73,3.56
2026-05-11 19:47:02.129783+00:00,eliasn97,Special Events,49080,2026-05-11 16:38:58+00:00,16,19,11284.0,188.07,3.13
2026-05-11 19:47:02.129783+00:00,StRoGo,Counter-Strike,41992,2026-05-11 07:13:59+00:00,7,19,45183.0,753.05,12.55
2026-05-11 19:47:02.129783+00:00,ohnePixel,League of Legends,38942,2026-05-11 13:04:04+00:00,13,19,24178.0,402.97,6.72
2026-05-11 19:47:02.129783+00:00,anarabdullaev,IRL,27671,2026-05-11 17:00:42+00:00,17,19,9980.0,166.33,2.77
2026-05-11 19:47:02.129783+00:00,Rainbow6,Rainbow Six Siege,24474,2026-05-11 17:20:22+00:00,17,19,8800.0,146.67,2.44
2026-05-11 19:47:02.129783+00:00,Tumblurr,Kings League,24030,2026-05-11 17:08:07+00:00,17,19,9535.0,158.92,2.65
2026-05-11 19:47:02.129783+00:00,ESLCS,Counter-Strike,21774,2026-05-11 14:50:12+00:00,14,19,17810.0,296.83,4.95
2026-05-11 19:47:02.129783+00:00,zarbex,Just Chatting,21110,2026-05-11 15:03:28+00:00,15,19,17014.0,283.57,4.73
2026-05-11 19:47:02.129783+00:00,YoungMulti,QSMP,21084,2026-05-11 16:03:40+00:00,16,19,13402.0,223.37,3.72
2026-05-11 19:47:02.129783+00:00,sasavot,Counter-Strike,19652,2026-05-11 16:41:06+00:00,16,19,11156.0,185.93,3.1
2026-05-11 19:47:02.129783+00:00,Domingo,Kings League,18662,2026-05-11 16:23:15+00:00,16,19,12227.0,203.78,3.4
2026-05-11 19:47:02.129783+00:00,bratishkinoff,Just Chatting,17123,2026-05-11 15:15:44+00:00,15,19,16278.0,271.3,4.52
2026-05-11 19:47:02.129783+00:00,auronplay,Minecraft,16067,2026-05-11 16:05:37+00:00,16,19,13285.0,221.42,3.69
2026-05-11 19:47:02.129783+00:00,loltyler1,League of Legends,15723,2026-05-11 16:18:30+00:00,16,19,12512.0,208.53,3.48
2026-05-11 19:47:02.129783+00:00,xQc,Just Chatting,14753,2026-05-11 17:19:19+00:00,17,19,8863.0,147.72,2.46
2026-05-11 19:47:02.129783+00:00,MelHssn_,VALORANT,14373,2026-05-11 17:21:46+00:00,17,19,8716.0,145.27,2.42
2026-05-11 19:47:02.129783+00:00,Trymacs,Just Chatting,13913,2026-05-11 16:35:53+00:00,16,19,11469.0,191.15,3.19
2026-05-11 19:47:02.129783+00:00,TheIconLeague,Special Events,12380,2026-05-11 16:38:58+00:00,16,19,11284.0,188.07,3.13
2026-05-11 19:47:02.129783+00:00,Rubius,Just Chatting,11986,2026-05-11 17:25:28+00:00,17,19,8494.0,141.57,2.36
2026-05-11 19:47:02.129783+00:00,LIRIK,Arma Reforger,11712,2026-05-11 16:08:18+00:00,16,19,13124.0,218.73,3.65
2026-05-11 19:52:02.598354+00:00,eliasn97,Special Events,49705,2026-05-11 16:38:58+00:00,16,19,11585.0,193.08,3.22
2026-05-11 19:52:02.598354+00:00,StRoGo,Counter-Strike,42467,2026-05-11 07:13:59+00:00,7,19,45484.0,758.07,12.63
2026-05-11 19:52:02.598354+00:00,ohnePixel,League of Legends,39864,2026-05-11 13:04:04+00:00,13,19,24479.0,407.98,6.8
2026-05-11 19:52:02.598354+00:00,anarabdullaev,IRL,28624,2026-05-11 17:00:42+00:00,17,19,10281.0,171.35,2.86
2026-05-11 19:52:02.598354+00:00,Rainbow6,Rainbow Six Siege,26845,2026-05-11 17:20:22+00:00,17,19,9101.0,151.68,2.53
2026-05-11 19:52:02.598354+00:00,Tumblurr,Kings League,26824,2026-05-11 17:08:07+00:00,17,19,9836.0,163.93,2.73
2026-05-11 19:52:02.598354+00:00,ESLCS,Counter-Strike,23357,2026-05-11 14:50:12+00:00,14,19,18111.0,301.85,5.03
2026-05-11 19:52:02.598354+00:00,YoungMulti,QSMP,21440,2026-05-11 16:03:40+00:00,16,19,13703.0,228.38,3.81
2026-05-11 19:52:02.598354+00:00,zarbex,Just Chatting,21426,2026-05-11 15:03:28+00:00,15,19,17315.0,288.58,4.81
2026-05-11 19:52:02.598354+00:00,sasavot,Counter-Strike,20250,2026-05-11 16:41:06+00:00,16,19,11457.0,190.95,3.18
2026-05-11 19:52:02.598354+00:00,Domingo,Kings League,19603,2026-05-11 16:23:15+00:00,16,19,12528.0,208.8,3.48
2026-05-11 19:52:02.598354+00:00,bratishkinoff,Just Chatting,17301,2026-05-11 15:15:44+00:00,15,19,16579.0,276.32,4.61
2026-05-11 19:52:02.598354+00:00,loltyler1,League of Legends,16506,2026-05-11 16:18:30+00:00,16,19,12813.0,213.55,3.56
2026-05-11 19:52:02.598354+00:00,auronplay,Minecraft,15934,2026-05-11 16:05:37+00:00,16,19,13586.0,226.43,3.77
2026-05-11 19:52:02.598354+00:00,xQc,Just Chatting,15767,2026-05-11 17:19:19+00:00,17,19,9164.0,152.73,2.55
2026-05-11 19:52:02.598354+00:00,Trymacs,Just Chatting,14338,2026-05-11 16:35:53+00:00,16,19,11770.0,196.17,3.27
2026-05-11 19:52:02.598354+00:00,Znypr_,ROBLOX,13285,2026-05-11 17:03:18+00:00,17,19,10125.0,168.75,2.81
2026-05-11 19:52:02.598354+00:00,Rubius,Just Chatting,13206,2026-05-11 17:25:28+00:00,17,19,8795.0,146.58,2.44
2026-05-11 19:52:02.598354+00:00,juansguarnizo,QSMP,12954,2026-05-11 16:45:51+00:00,16,19,11172.0,186.2,3.1
2026-05-11 19:52:02.598354+00:00,TheIconLeague,Special Events,12593,2026-05-11 16:38:58+00:00,16,19,11585.0,193.08,3.22
2026-05-11 19:57:03.069199+00:00,eliasn97,Special Events,50906,2026-05-11 16:38:58+00:00,16,19,11885.0,198.08,3.3
2026-05-11 19:57:03.069199+00:00,StRoGo,Counter-Strike,43403,2026-05-11 07:13:59+00:00,7,19,45784.0,763.07,12.72
2026-05-11 19:57:03.069199+00:00,ohnePixel,League of Legends,38304,2026-05-11 13:04:04+00:00,13,19,24779.0,412.98,6.88
2026-05-11 19:57:03.069199+00:00,Tumblurr,Kings League,30804,2026-05-11 17:08:07+00:00,17,19,10136.0,168.93,2.82
2026-05-11 19:57:03.069199+00:00,Rainbow6,Rainbow Six Siege,28235,2026-05-11 17:20:22+00:00,17,19,9401.0,156.68,2.61
2026-05-11 19:57:03.069199+00:00,anarabdullaev,IRL,27801,2026-05-11 17:00:42+00:00,17,19,10581.0,176.35,2.94
2026-05-11 19:57:03.069199+00:00,ESLCS,Counter-Strike,27014,2026-05-11 14:50:12+00:00,14,19,18411.0,306.85,5.11
2026-05-11 19:57:03.069199+00:00,YoungMulti,QSMP,21780,2026-05-11 16:03:40+00:00,16,19,14003.0,233.38,3.89
2026-05-11 19:57:03.069199+00:00,zarbex,Just Chatting,21426,2026-05-11 15:03:28+00:00,15,19,17615.0,293.58,4.89
2026-05-11 19:57:03.069199+00:00,sasavot,Counter-Strike,20860,2026-05-11 16:41:06+00:00,16,19,11757.0,195.95,3.27
2026-05-11 19:57:03.069199+00:00,Domingo,Kings League,20324,2026-05-11 16:23:15+00:00,16,19,12828.0,213.8,3.56
2026-05-11 19:57:03.069199+00:00,bratishkinoff,Just Chatting,17041,2026-05-11 15:15:44+00:00,15,19,16879.0,281.32,4.69
2026-05-11 19:57:03.069199+00:00,xQc,Just Chatting,16605,2026-05-11 17:19:19+00:00,17,19,9464.0,157.73,2.63
2026-05-11 19:57:03.069199+00:00,loltyler1,League of Legends,16327,2026-05-11 16:18:30+00:00,16,19,13113.0,218.55,3.64
2026-05-11 19:57:03.069199+00:00,Znypr_,ROBLOX,16126,2026-05-11 17:03:18+00:00,17,19,10425.0,173.75,2.9
2026-05-11 19:57:03.069199+00:00,auronplay,Minecraft,15934,2026-05-11 16:05:37+00:00,16,19,13886.0,231.43,3.86
2026-05-11 19:57:03.069199+00:00,Trymacs,Just Chatting,14563,2026-05-11 16:35:53+00:00,16,19,12070.0,201.17,3.35
2026-05-11 19:57:03.069199+00:00,Rubius,Just Chatting,14209,2026-05-11 17:25:28+00:00,17,19,9095.0,151.58,2.53
2026-05-11 19:57:03.069199+00:00,TheIconLeague,Special Events,12731,2026-05-11 16:38:58+00:00,16,19,11885.0,198.08,3.3
2026-05-11 19:57:03.069199+00:00,Northernlion,Counter-Strike,11671,2026-05-11 16:01:53+00:00,16,19,14110.0,235.17,3.92
2026-05-11 20:02:03.595451+00:00,StRoGo,Counter-Strike,67507,2026-05-11 07:13:59+00:00,7,20,46085.0,768.08,12.8
2026-05-11 20:02:03.595451+00:00,eliasn97,Special Events,52707,2026-05-11 16:38:58+00:00,16,20,12186.0,203.1,3.38
2026-05-11 20:02:03.595451+00:00,ohnePixel,League of Legends,40741,2026-05-11 13:04:04+00:00,13,20,25080.0,418.0,6.97
2026-05-11 20:02:03.595451+00:00,ESLCS,Counter-Strike,35123,2026-05-11 14:50:12+00:00,14,20,18712.0,311.87,5.2
2026-05-11 20:02:03.595451+00:00,Tumblurr,Kings League,33563,2026-05-11 17:08:07+00:00,17,20,10437.0,173.95,2.9
2026-05-11 20:02:03.595451+00:00,Rainbow6,Rainbow Six Siege,29360,2026-05-11 17:20:22+00:00,17,20,9702.0,161.7,2.7
2026-05-11 20:02:03.595451+00:00,anarabdullaev,IRL,28166,2026-05-11 17:00:42+00:00,17,20,10882.0,181.37,3.02
2026-05-11 20:02:03.595451+00:00,zarbex,Just Chatting,21699,2026-05-11 15:03:28+00:00,15,20,17916.0,298.6,4.98
2026-05-11 20:02:03.595451+00:00,YoungMulti,QSMP,21403,2026-05-11 16:03:40+00:00,16,20,14304.0,238.4,3.97
2026-05-11 20:02:03.595451+00:00,Domingo,Kings League,21136,2026-05-11 16:23:15+00:00,16,20,13129.0,218.82,3.65
2026-05-11 20:02:03.595451+00:00,sasavot,Counter-Strike,20586,2026-05-11 16:41:06+00:00,16,20,12058.0,200.97,3.35
2026-05-11 20:02:03.595451+00:00,xQc,Just Chatting,17824,2026-05-11 17:19:19+00:00,17,20,9765.0,162.75,2.71
2026-05-11 20:02:03.595451+00:00,loltyler1,League of Legends,17082,2026-05-11 16:18:30+00:00,16,20,13414.0,223.57,3.73
2026-05-11 20:02:03.595451+00:00,bratishkinoff,Just Chatting,17041,2026-05-11 15:15:44+00:00,15,20,17180.0,286.33,4.77
2026-05-11 20:02:03.595451+00:00,auronplay,Minecraft,15765,2026-05-11 16:05:37+00:00,16,20,14187.0,236.45,3.94
2026-05-11 20:02:03.595451+00:00,Rubius,Just Chatting,15373,2026-05-11 17:25:28+00:00,17,20,9396.0,156.6,2.61
2026-05-11 20:02:03.595451+00:00,Znypr_,ROBLOX,15048,2026-05-11 17:03:18+00:00,17,20,10726.0,178.77,2.98
2026-05-11 20:02:03.595451+00:00,Trymacs,Just Chatting,14810,2026-05-11 16:35:53+00:00,16,20,12371.0,206.18,3.44
2026-05-11 20:02:03.595451+00:00,TheIconLeague,Special Events,13181,2026-05-11 16:38:58+00:00,16,20,12186.0,203.1,3.38
2026-05-11 20:02:03.595451+00:00,Nikof,Fortnite,12902,2026-05-11 16:51:08+00:00,16,20,11456.0,190.93,3.18
2026-05-11 20:07:04.076737+00:00,StRoGo,Counter-Strike,95998,2026-05-11 07:13:59+00:00,7,20,46385.0,773.08,12.88
2026-05-11 20:07:04.076737+00:00,eliasn97,Special Events,53323,2026-05-11 16:38:58+00:00,16,20,12486.0,208.1,3.47
2026-05-11 20:07:04.076737+00:00,ESLCS,Counter-Strike,45712,2026-05-11 14:50:12+00:00,14,20,19012.0,316.87,5.28
2026-05-11 20:07:04.076737+00:00,ohnePixel,Chess,39833,2026-05-11 13:04:04+00:00,13,20,25380.0,423.0,7.05
2026-05-11 20:07:04.076737+00:00,Tumblurr,Kings League,37244,2026-05-11 17:08:07+00:00,17,20,10737.0,178.95,2.98
2026-05-11 20:07:04.076737+00:00,Rainbow6,Rainbow Six Siege,30664,2026-05-11 17:20:22+00:00,17,20,10002.0,166.7,2.78
2026-05-11 20:07:04.076737+00:00,AsianJeff,IRL,26776,2026-05-11 17:58:48+00:00,17,20,7696.0,128.27,2.14
2026-05-11 20:07:04.076737+00:00,anarabdullaev,IRL,22919,2026-05-11 17:00:42+00:00,17,20,11182.0,186.37,3.11
2026-05-11 20:07:04.076737+00:00,YoungMulti,QSMP,21958,2026-05-11 16:03:40+00:00,16,20,14604.0,243.4,4.06
2026-05-11 20:07:04.076737+00:00,zarbex,Just Chatting,21569,2026-05-11 15:03:28+00:00,15,20,18216.0,303.6,5.06
2026-05-11 20:07:04.076737+00:00,Domingo,Kings League,20482,2026-05-11 16:23:15+00:00,16,20,13429.0,223.82,3.73
2026-05-11 20:07:04.076737+00:00,xQc,Just Chatting,18522,2026-05-11 17:19:19+00:00,17,20,10065.0,167.75,2.8
2026-05-11 20:07:04.076737+00:00,sasavot,Counter-Strike,17494,2026-05-11 16:41:06+00:00,16,20,12358.0,205.97,3.43
2026-05-11 20:07:04.076737+00:00,loltyler1,League of Legends,17464,2026-05-11 16:18:30+00:00,16,20,13714.0,228.57,3.81
2026-05-11 20:07:04.076737+00:00,Rubius,Just Chatting,17261,2026-05-11 17:25:28+00:00,17,20,9696.0,161.6,2.69
2026-05-11 20:07:04.076737+00:00,bratishkinoff,Just Chatting,16730,2026-05-11 15:15:44+00:00,15,20,17480.0,291.33,4.86
2026-05-11 20:07:04.076737+00:00,auronplay,Minecraft,15605,2026-05-11 16:05:37+00:00,16,20,14487.0,241.45,4.02
2026-05-11 20:07:04.076737+00:00,Dmitry_Lixxx,Counter-Strike,14487,2026-05-11 17:16:45+00:00,17,20,10219.0,170.32,2.84
2026-05-11 20:07:04.076737+00:00,juansguarnizo,QSMP,14478,2026-05-11 16:45:51+00:00,16,20,12073.0,201.22,3.35
2026-05-11 20:07:04.076737+00:00,Trymacs,Just Chatting,14371,2026-05-11 16:35:53+00:00,16,20,12671.0,211.18,3.52
2026-05-11 20:12:04.540615+00:00,StRoGo,Counter-Strike,108614,2026-05-11 07:13:59+00:00,7,20,46686.0,778.1,12.97
2026-05-11 20:12:04.540615+00:00,eliasn97,Special Events,53323,2026-05-11 16:38:58+00:00,16,20,12787.0,213.12,3.55
2026-05-11 20:12:04.540615+00:00,ESLCS,Counter-Strike,52406,2026-05-11 14:50:12+00:00,14,20,19313.0,321.88,5.36
2026-05-11 20:12:04.540615+00:00,Tumblurr,Kings League,41242,2026-05-11 17:08:07+00:00,17,20,11038.0,183.97,3.07
2026-05-11 20:12:04.540615+00:00,AsianJeff,IRL,40772,2026-05-11 17:58:48+00:00,17,20,7997.0,133.28,2.22
2026-05-11 20:12:04.540615+00:00,ohnePixel,Chess,38764,2026-05-11 13:04:04+00:00,13,20,25681.0,428.02,7.13
2026-05-11 20:12:04.540615+00:00,Rainbow6,Rainbow Six Siege,32615,2026-05-11 17:20:22+00:00,17,20,10303.0,171.72,2.86
2026-05-11 20:12:04.540615+00:00,anarabdullaev,IRL,27289,2026-05-11 17:00:42+00:00,17,20,11483.0,191.38,3.19
2026-05-11 20:12:04.540615+00:00,YoungMulti,QSMP,22424,2026-05-11 16:03:40+00:00,16,20,14905.0,248.42,4.14
2026-05-11 20:12:04.540615+00:00,zarbex,Just Chatting,21569,2026-05-11 15:03:28+00:00,15,20,18517.0,308.62,5.14
2026-05-11 20:12:04.540615+00:00,xQc,Just Chatting,20293,2026-05-11 17:19:19+00:00,17,20,10366.0,172.77,2.88
2026-05-11 20:12:04.540615+00:00,Domingo,Kings League,20240,2026-05-11 16:23:15+00:00,16,20,13730.0,228.83,3.81
2026-05-11 20:12:04.540615+00:00,loltyler1,Chess,18625,2026-05-11 16:18:30+00:00,16,20,14015.0,233.58,3.89
2026-05-11 20:12:04.540615+00:00,Rubius,Grand Theft Auto V,18067,2026-05-11 17:25:28+00:00,17,20,9997.0,166.62,2.78
2026-05-11 20:12:04.540615+00:00,sasavot,Counter-Strike,16839,2026-05-11 16:41:06+00:00,16,20,12659.0,210.98,3.52
2026-05-11 20:12:04.540615+00:00,bratishkinoff,Just Chatting,16072,2026-05-11 15:15:44+00:00,15,20,17781.0,296.35,4.94
2026-05-11 20:12:04.540615+00:00,auronplay,Minecraft,15875,2026-05-11 16:05:37+00:00,16,20,14788.0,246.47,4.11
2026-05-11 20:12:04.540615+00:00,Dmitry_Lixxx,Counter-Strike,15553,2026-05-11 17:16:45+00:00,17,20,10520.0,175.33,2.92
2026-05-11 20:12:04.540615+00:00,CroissantStrike,Counter-Strike,14475,2026-05-11 14:48:05+00:00,14,20,19440.0,324.0,5.4
2026-05-11 20:12:04.540615+00:00,Trymacs,Just Chatting,13832,2026-05-11 16:35:53+00:00,16,20,12972.0,216.2,3.6
2026-05-11 20:17:05.009167+00:00,StRoGo,Counter-Strike,119879,2026-05-11 07:13:59+00:00,7,20,46986.0,783.1,13.05
2026-05-11 20:17:05.009167+00:00,AsianJeff,IRL,56668,2026-05-11 17:58:48+00:00,17,20,8297.0,138.28,2.3
2026-05-11 20:17:05.009167+00:00,ESLCS,Counter-Strike,54582,2026-05-11 14:50:12+00:00,14,20,19613.0,326.88,5.45
2026-05-11 20:17:05.009167+00:00,eliasn97,Special Events,53860,2026-05-11 16:38:58+00:00,16,20,13087.0,218.12,3.64
2026-05-11 20:17:05.009167+00:00,Tumblurr,Kings League,41242,2026-05-11 17:08:07+00:00,17,20,11338.0,188.97,3.15
2026-05-11 20:17:05.009167+00:00,ohnePixel,Chess,37962,2026-05-11 13:04:04+00:00,13,20,25981.0,433.02,7.22
2026-05-11 20:17:05.009167+00:00,Rainbow6,Rainbow Six Siege,32795,2026-05-11 17:20:22+00:00,17,20,10603.0,176.72,2.95
2026-05-11 20:17:05.009167+00:00,Jynxzi,League of Legends,29448,2026-05-11 18:11:19+00:00,18,20,7546.0,125.77,2.1
2026-05-11 20:17:05.009167+00:00,anarabdullaev,IRL,27568,2026-05-11 17:00:42+00:00,17,20,11783.0,196.38,3.27
2026-05-11 20:17:05.009167+00:00,YoungMulti,QSMP,23752,2026-05-11 16:03:40+00:00,16,20,15205.0,253.42,4.22
2026-05-11 20:17:05.009167+00:00,zarbex,Days Gone,21569,2026-05-11 15:03:28+00:00,15,20,18817.0,313.62,5.23
2026-05-11 20:17:05.009167+00:00,Domingo,Kings League,20240,2026-05-11 16:23:15+00:00,16,20,14030.0,233.83,3.9
2026-05-11 20:17:05.009167+00:00,xQc,Just Chatting,19574,2026-05-11 17:19:19+00:00,17,20,10666.0,177.77,2.96
2026-05-11 20:17:05.009167+00:00,Rubius,Grand Theft Auto V,18943,2026-05-11 17:25:28+00:00,17,20,10297.0,171.62,2.86
2026-05-11 20:17:05.009167+00:00,loltyler1,Chess,18294,2026-05-11 16:18:30+00:00,16,20,14315.0,238.58,3.98
2026-05-11 20:17:05.009167+00:00,sasavot,Counter-Strike,17136,2026-05-11 16:41:06+00:00,16,20,12959.0,215.98,3.6
2026-05-11 20:17:05.009167+00:00,bratishkinoff,Just Chatting,15587,2026-05-11 15:15:44+00:00,15,20,18081.0,301.35,5.02
2026-05-11 20:17:05.009167+00:00,auronplay,Minecraft,15553,2026-05-11 16:05:37+00:00,16,20,15088.0,251.47,4.19
2026-05-11 20:17:05.009167+00:00,Dmitry_Lixxx,Counter-Strike,15337,2026-05-11 17:16:45+00:00,17,20,10820.0,180.33,3.01
2026-05-11 20:17:05.009167+00:00,CroissantStrike,Counter-Strike,15203,2026-05-11 14:48:05+00:00,14,20,19740.0,329.0,5.48
2026-05-11 20:22:05.469743+00:00,StRoGo,Counter-Strike,122123,2026-05-11 07:13:59+00:00,7,20,47286.0,788.1,13.14
2026-05-11 20:22:05.469743+00:00,AsianJeff,IRL,70814,2026-05-11 17:58:48+00:00,17,20,8597.0,143.28,2.39
2026-05-11 20:22:05.469743+00:00,ESLCS,Counter-Strike,58219,2026-05-11 14:50:12+00:00,14,20,19913.0,331.88,5.53
2026-05-11 20:22:05.469743+00:00,eliasn97,Special Events,55502,2026-05-11 16:38:58+00:00,16,20,13387.0,223.12,3.72
2026-05-11 20:22:05.469743+00:00,Tumblurr,Kings League,43345,2026-05-11 17:08:07+00:00,17,20,11638.0,193.97,3.23
2026-05-11 20:22:05.469743+00:00,Jynxzi,League of Legends,41711,2026-05-11 18:11:19+00:00,18,20,7846.0,130.77,2.18
2026-05-11 20:22:05.469743+00:00,ohnePixel,Just Chatting,37529,2026-05-11 13:04:04+00:00,13,20,26281.0,438.02,7.3
2026-05-11 20:22:05.469743+00:00,Rainbow6,Rainbow Six Siege,33687,2026-05-11 17:20:22+00:00,17,20,10903.0,181.72,3.03
2026-05-11 20:22:05.469743+00:00,anarabdullaev,IRL,32469,2026-05-11 17:00:42+00:00,17,20,12083.0,201.38,3.36
2026-05-11 20:22:05.469743+00:00,YoungMulti,QSMP,21979,2026-05-11 16:03:40+00:00,16,20,15505.0,258.42,4.31
2026-05-11 20:22:05.469743+00:00,Rubius,Grand Theft Auto V,21591,2026-05-11 17:25:28+00:00,17,20,10597.0,176.62,2.94
2026-05-11 20:22:05.469743+00:00,Domingo,Kings League,19924,2026-05-11 16:23:15+00:00,16,20,14330.0,238.83,3.98
2026-05-11 20:22:05.469743+00:00,loltyler1,GeoGuessr,19478,2026-05-11 16:18:30+00:00,16,20,14615.0,243.58,4.06
2026-05-11 20:22:05.469743+00:00,xQc,Just Chatting,19308,2026-05-11 17:19:19+00:00,17,20,10966.0,182.77,3.05
2026-05-11 20:22:05.469743+00:00,zarbex,Days Gone,18639,2026-05-11 15:03:28+00:00,15,20,19117.0,318.62,5.31
2026-05-11 20:22:05.469743+00:00,sasavot,Counter-Strike,16886,2026-05-11 16:41:06+00:00,16,20,13259.0,220.98,3.68
2026-05-11 20:22:05.469743+00:00,CroissantStrike,Counter-Strike,16253,2026-05-11 14:48:05+00:00,14,20,20040.0,334.0,5.57
2026-05-11 20:22:05.469743+00:00,Dmitry_Lixxx,Counter-Strike,15814,2026-05-11 17:16:45+00:00,17,20,11120.0,185.33,3.09
2026-05-11 20:22:05.469743+00:00,bratishkinoff,Just Chatting,15387,2026-05-11 15:15:44+00:00,15,20,18381.0,306.35,5.11
2026-05-11 20:22:05.469743+00:00,auronplay,Minecraft,15348,2026-05-11 16:05:37+00:00,16,20,15388.0,256.47,4.27
2026-05-11 20:27:05.925238+00:00,StRoGo,Counter-Strike,134989,2026-05-11 07:13:59+00:00,7,20,47587.0,793.12,13.22
2026-05-11 20:27:05.925238+00:00,AsianJeff,IRL,69738,2026-05-11 17:58:48+00:00,17,20,8898.0,148.3,2.47
2026-05-11 20:27:05.925238+00:00,ESLCS,Counter-Strike,61349,2026-05-11 14:50:12+00:00,14,20,20214.0,336.9,5.62
2026-05-11 20:27:05.925238+00:00,eliasn97,Special Events,57307,2026-05-11 16:38:58+00:00,16,20,13688.0,228.13,3.8
2026-05-11 20:27:05.925238+00:00,Jynxzi,League of Legends,52780,2026-05-11 18:11:19+00:00,18,20,8147.0,135.78,2.26
2026-05-11 20:27:05.925238+00:00,Tumblurr,Kings League,45371,2026-05-11 17:08:07+00:00,17,20,11939.0,198.98,3.32
2026-05-11 20:27:05.925238+00:00,ohnePixel,Just Chatting,35084,2026-05-11 13:04:04+00:00,13,20,26582.0,443.03,7.38
2026-05-11 20:27:05.925238+00:00,Rainbow6,Rainbow Six Siege,34450,2026-05-11 17:20:22+00:00,17,20,11204.0,186.73,3.11
2026-05-11 20:27:05.925238+00:00,anarabdullaev,IRL,27124,2026-05-11 17:00:42+00:00,17,20,12384.0,206.4,3.44
2026-05-11 20:27:05.925238+00:00,YoungMulti,QSMP,21742,2026-05-11 16:03:40+00:00,16,20,15806.0,263.43,4.39
2026-05-11 20:27:05.925238+00:00,Domingo,Kings League,20307,2026-05-11 16:23:15+00:00,16,20,14631.0,243.85,4.06
2026-05-11 20:27:05.925238+00:00,Rubius,Grand Theft Auto V,20146,2026-05-11 17:25:28+00:00,17,20,10898.0,181.63,3.03
2026-05-11 20:27:05.925238+00:00,xQc,Just Chatting,19612,2026-05-11 17:19:19+00:00,17,20,11267.0,187.78,3.13
2026-05-11 20:27:05.925238+00:00,loltyler1,TypeRacer,17776,2026-05-11 16:18:30+00:00,16,20,14916.0,248.6,4.14
2026-05-11 20:27:05.925238+00:00,zarbex,Days Gone,17747,2026-05-11 15:03:28+00:00,15,20,19418.0,323.63,5.39
2026-05-11 20:27:05.925238+00:00,zackrawrr,Just Chatting,17621,2026-05-11 18:13:28+00:00,18,20,8018.0,133.63,2.23
2026-05-11 20:27:05.925238+00:00,sasavot,Counter-Strike,17295,2026-05-11 16:41:06+00:00,16,20,13560.0,226.0,3.77
2026-05-11 20:27:05.925238+00:00,CroissantStrike,Counter-Strike,16997,2026-05-11 14:48:05+00:00,14,20,20341.0,339.02,5.65
2026-05-11 20:27:05.925238+00:00,Dmitry_Lixxx,Counter-Strike,15787,2026-05-11 17:16:45+00:00,17,20,11421.0,190.35,3.17
2026-05-11 20:27:05.925238+00:00,bratishkinoff,Just Chatting,15387,2026-05-11 15:15:44+00:00,15,20,18682.0,311.37,5.19
2026-05-11 20:32:06.280796+00:00,StRoGo,Counter-Strike,132490,2026-05-11 07:13:59+00:00,7,20,47887.0,798.12,13.3
2026-05-11 20:32:06.280796+00:00,AsianJeff,IRL,67829,2026-05-11 17:58:48+00:00,17,20,9198.0,153.3,2.56
2026-05-11 20:32:06.280796+00:00,ESLCS,Counter-Strike,61566,2026-05-11 14:50:12+00:00,14,20,20514.0,341.9,5.7
2026-05-11 20:32:06.280796+00:00,eliasn97,Special Events,58504,2026-05-11 16:38:58+00:00,16,20,13988.0,233.13,3.89
2026-05-11 20:32:06.280796+00:00,Jynxzi,League of Legends,55909,2026-05-11 18:11:19+00:00,18,20,8447.0,140.78,2.35
2026-05-11 20:32:06.280796+00:00,Tumblurr,Kings League,45852,2026-05-11 17:08:07+00:00,17,20,12239.0,203.98,3.4
2026-05-11 20:32:06.280796+00:00,Rainbow6,Rainbow Six Siege,35036,2026-05-11 17:20:22+00:00,17,20,11504.0,191.73,3.2
2026-05-11 20:32:06.280796+00:00,ohnePixel,Just Chatting,34926,2026-05-11 13:04:04+00:00,13,20,26882.0,448.03,7.47
2026-05-11 20:32:06.280796+00:00,anarabdullaev,IRL,27453,2026-05-11 17:00:42+00:00,17,20,12684.0,211.4,3.52
2026-05-11 20:32:06.280796+00:00,YoungMulti,QSMP,21435,2026-05-11 16:03:40+00:00,16,20,16106.0,268.43,4.47
2026-05-11 20:32:06.280796+00:00,zackrawrr,Just Chatting,20949,2026-05-11 18:13:28+00:00,18,20,8318.0,138.63,2.31
2026-05-11 20:32:06.280796+00:00,xQc,Just Chatting,20773,2026-05-11 17:19:19+00:00,17,20,11567.0,192.78,3.21
2026-05-11 20:32:06.280796+00:00,Domingo,Kings League,20538,2026-05-11 16:23:15+00:00,16,20,14931.0,248.85,4.15
2026-05-11 20:32:06.280796+00:00,Rubius,Grand Theft Auto V,20405,2026-05-11 17:25:28+00:00,17,20,11198.0,186.63,3.11
2026-05-11 20:32:06.280796+00:00,CroissantStrike,Counter-Strike,18090,2026-05-11 14:48:05+00:00,14,20,20641.0,344.02,5.73
2026-05-11 20:32:06.280796+00:00,zarbex,Days Gone,17238,2026-05-11 15:03:28+00:00,15,20,19718.0,328.63,5.48
2026-05-11 20:32:06.280796+00:00,loltyler1,TypeRacer,17103,2026-05-11 16:18:30+00:00,16,20,15216.0,253.6,4.23
2026-05-11 20:32:06.280796+00:00,Dmitry_Lixxx,Counter-Strike,15787,2026-05-11 17:16:45+00:00,17,20,11721.0,195.35,3.26
2026-05-11 20:32:06.280796+00:00,bratishkinoff,Just Chatting,15678,2026-05-11 15:15:44+00:00,15,20,18982.0,316.37,5.27
2026-05-11 20:32:06.280796+00:00,sasavot,Counter-Strike,15567,2026-05-11 16:41:06+00:00,16,20,13860.0,231.0,3.85
2026-05-11 20:37:06.741499+00:00,StRoGo,Counter-Strike,139557,2026-05-11 07:13:59+00:00,7,20,48188.0,803.13,13.39
2026-05-11 20:37:06.741499+00:00,AsianJeff,IRL,73772,2026-05-11 17:58:48+00:00,17,20,9499.0,158.32,2.64
2026-05-11 20:37:06.741499+00:00,Jynxzi,League of Legends,69999,2026-05-11 18:11:19+00:00,18,20,8748.0,145.8,2.43
2026-05-11 20:37:06.741499+00:00,ESLCS,Counter-Strike,65681,2026-05-11 14:50:12+00:00,14,20,20815.0,346.92,5.78
2026-05-11 20:37:06.741499+00:00,eliasn97,Special Events,59158,2026-05-11 16:38:58+00:00,16,20,14289.0,238.15,3.97
2026-05-11 20:37:06.741499+00:00,Tumblurr,Kings League,47776,2026-05-11 17:08:07+00:00,17,20,12540.0,209.0,3.48
2026-05-11 20:37:06.741499+00:00,Rainbow6,Rainbow Six Siege,35924,2026-05-11 17:20:22+00:00,17,20,11805.0,196.75,3.28
2026-05-11 20:37:06.741499+00:00,ohnePixel,Just Chatting,33181,2026-05-11 13:04:04+00:00,13,20,27183.0,453.05,7.55
2026-05-11 20:37:06.741499+00:00,anarabdullaev,IRL,26555,2026-05-11 17:00:42+00:00,17,20,12985.0,216.42,3.61
2026-05-11 20:37:06.741499+00:00,zackrawrr,Just Chatting,22038,2026-05-11 18:13:28+00:00,18,20,8619.0,143.65,2.39
2026-05-11 20:37:06.741499+00:00,YoungMulti,QSMP,21261,2026-05-11 16:03:40+00:00,16,20,16407.0,273.45,4.56
2026-05-11 20:37:06.741499+00:00,Domingo,Kings League,20880,2026-05-11 16:23:15+00:00,16,20,15232.0,253.87,4.23
2026-05-11 20:37:06.741499+00:00,Rubius,Grand Theft Auto V,20761,2026-05-11 17:25:28+00:00,17,20,11499.0,191.65,3.19
2026-05-11 20:37:06.741499+00:00,xQc,Just Chatting,19505,2026-05-11 17:19:19+00:00,17,20,11868.0,197.8,3.3
2026-05-11 20:37:06.741499+00:00,CroissantStrike,Counter-Strike,18457,2026-05-11 14:48:05+00:00,14,20,20942.0,349.03,5.82
2026-05-11 20:37:06.741499+00:00,zarbex,Days Gone,16799,2026-05-11 15:03:28+00:00,15,20,20019.0,333.65,5.56
2026-05-11 20:37:06.741499+00:00,loltyler1,TypeRacer,16535,2026-05-11 16:18:30+00:00,16,20,15517.0,258.62,4.31
2026-05-11 20:37:06.741499+00:00,Dmitry_Lixxx,Counter-Strike,16044,2026-05-11 17:16:45+00:00,17,20,12022.0,200.37,3.34
2026-05-11 20:37:06.741499+00:00,sasavot,Counter-Strike,16016,2026-05-11 16:41:06+00:00,16,20,14161.0,236.02,3.93
2026-05-11 20:37:06.741499+00:00,aminematue,Just Chatting,15887,2026-05-11 18:13:59+00:00,18,20,8588.0,143.13,2.39
2026-05-11 20:42:07.172582+00:00,StRoGo,Counter-Strike,144477,2026-05-11 07:13:59+00:00,7,20,48488.0,808.13,13.47
2026-05-11 20:42:07.172582+00:00,Jynxzi,League of Legends,76362,2026-05-11 18:11:19+00:00,18,20,9048.0,150.8,2.51
2026-05-11 20:42:07.172582+00:00,AsianJeff,IRL,70421,2026-05-11 17:58:48+00:00,17,20,9799.0,163.32,2.72
2026-05-11 20:42:07.172582+00:00,ESLCS,Counter-Strike,66476,2026-05-11 14:50:12+00:00,14,20,21115.0,351.92,5.87
2026-05-11 20:42:07.172582+00:00,eliasn97,Special Events,59785,2026-05-11 16:38:58+00:00,16,20,14589.0,243.15,4.05
2026-05-11 20:42:07.172582+00:00,Tumblurr,Kings League,49633,2026-05-11 17:08:07+00:00,17,20,12840.0,214.0,3.57
2026-05-11 20:42:07.172582+00:00,Rainbow6,Rainbow Six Siege,36915,2026-05-11 17:20:22+00:00,17,20,12105.0,201.75,3.36
2026-05-11 20:42:07.172582+00:00,ohnePixel,Just Chatting,32479,2026-05-11 13:04:04+00:00,13,20,27483.0,458.05,7.63
2026-05-11 20:42:07.172582+00:00,iaspod,Just Chatting,27146,2026-05-11 18:34:44+00:00,18,20,7643.0,127.38,2.12
2026-05-11 20:42:07.172582+00:00,anarabdullaev,IRL,25384,2026-05-11 17:00:42+00:00,17,20,13285.0,221.42,3.69
2026-05-11 20:42:07.172582+00:00,zackrawrr,Just Chatting,24085,2026-05-11 18:13:28+00:00,18,20,8919.0,148.65,2.48
2026-05-11 20:42:07.172582+00:00,Domingo,Kings League,21500,2026-05-11 16:23:15+00:00,16,20,15532.0,258.87,4.31
2026-05-11 20:42:07.172582+00:00,Rubius,Grand Theft Auto V,21169,2026-05-11 17:25:28+00:00,17,20,11799.0,196.65,3.28
2026-05-11 20:42:07.172582+00:00,YoungMulti,QSMP,21025,2026-05-11 16:03:40+00:00,16,20,16707.0,278.45,4.64
2026-05-11 20:42:07.172582+00:00,xQc,Just Chatting,19755,2026-05-11 17:19:19+00:00,17,20,12168.0,202.8,3.38
2026-05-11 20:42:07.172582+00:00,CroissantStrike,Counter-Strike,19577,2026-05-11 14:48:05+00:00,14,20,21242.0,354.03,5.9
2026-05-11 20:42:07.172582+00:00,HasanAbi,Just Chatting,18854,2026-05-11 18:15:28+00:00,18,20,8799.0,146.65,2.44
2026-05-11 20:42:07.172582+00:00,aminematue,Just Chatting,18658,2026-05-11 18:13:59+00:00,18,20,8888.0,148.13,2.47
2026-05-11 20:42:07.172582+00:00,loltyler1,Just Chatting,16858,2026-05-11 16:18:30+00:00,16,20,15817.0,263.62,4.39
2026-05-11 20:42:07.172582+00:00,sasavot,Counter-Strike,16741,2026-05-11 16:41:06+00:00,16,20,14461.0,241.02,4.02
2026-05-11 20:47:07.733425+00:00,StRoGo,Counter-Strike,132282,2026-05-11 07:13:59+00:00,7,20,48789.0,813.15,13.55
2026-05-11 20:47:07.733425+00:00,Jynxzi,League of Legends,82942,2026-05-11 18:11:19+00:00,18,20,9349.0,155.82,2.6
2026-05-11 20:47:07.733425+00:00,eliasn97,Special Events,62780,2026-05-11 16:38:58+00:00,16,20,14890.0,248.17,4.14
2026-05-11 20:47:07.733425+00:00,ESLCS,Counter-Strike,55202,2026-05-11 14:50:12+00:00,14,20,21416.0,356.93,5.95
2026-05-11 20:47:07.733425+00:00,Tumblurr,Kings League,49633,2026-05-11 17:08:07+00:00,17,20,13141.0,219.02,3.65
2026-05-11 20:47:07.733425+00:00,AsianJeff,IRL,46646,2026-05-11 17:58:48+00:00,17,20,10100.0,168.33,2.81
2026-05-11 20:47:07.733425+00:00,Rainbow6,Rainbow Six Siege,38454,2026-05-11 17:20:22+00:00,17,20,12406.0,206.77,3.45
2026-05-11 20:47:07.733425+00:00,ohnePixel,Just Chatting,33326,2026-05-11 13:04:04+00:00,13,20,27784.0,463.07,7.72
2026-05-11 20:47:07.733425+00:00,iaspod,Just Chatting,25204,2026-05-11 18:34:44+00:00,18,20,7944.0,132.4,2.21
2026-05-11 20:47:07.733425+00:00,zackrawrr,Just Chatting,25021,2026-05-11 18:13:28+00:00,18,20,9220.0,153.67,2.56
2026-05-11 20:47:07.733425+00:00,anarabdullaev,IRL,24381,2026-05-11 17:00:42+00:00,17,20,13586.0,226.43,3.77
2026-05-11 20:47:07.733425+00:00,Domingo,Kings League,22240,2026-05-11 16:23:15+00:00,16,20,15833.0,263.88,4.4
2026-05-11 20:47:07.733425+00:00,YoungMulti,QSMP,21802,2026-05-11 16:03:40+00:00,16,20,17008.0,283.47,4.72
2026-05-11 20:47:07.733425+00:00,HasanAbi,Just Chatting,21284,2026-05-11 18:15:28+00:00,18,20,9100.0,151.67,2.53
2026-05-11 20:47:07.733425+00:00,Rubius,Grand Theft Auto V,20903,2026-05-11 17:25:28+00:00,17,20,12100.0,201.67,3.36
2026-05-11 20:47:07.733425+00:00,CroissantStrike,Counter-Strike,20651,2026-05-11 14:48:05+00:00,14,20,21543.0,359.05,5.98
2026-05-11 20:47:07.733425+00:00,aminematue,Just Chatting,20056,2026-05-11 18:13:59+00:00,18,20,9189.0,153.15,2.55
2026-05-11 20:47:07.733425+00:00,loltyler1,Just Chatting,18126,2026-05-11 16:18:30+00:00,16,20,16118.0,268.63,4.48
2026-05-11 20:47:07.733425+00:00,sasavot,Counter-Strike,16966,2026-05-11 16:41:06+00:00,16,20,14762.0,246.03,4.1
2026-05-11 20:47:07.733425+00:00,xQc,Just Chatting,16468,2026-05-11 17:19:19+00:00,17,20,12469.0,207.82,3.46
2026-05-11 20:52:08.139506+00:00,StRoGo,Counter-Strike,98105,2026-05-11 07:13:59+00:00,7,20,49089.0,818.15,13.64
2026-05-11 20:52:08.139506+00:00,Jynxzi,League of Legends,88318,2026-05-11 18:11:19+00:00,18,20,9649.0,160.82,2.68
2026-05-11 20:52:08.139506+00:00,eliasn97,Special Events,61066,2026-05-11 16:38:58+00:00,16,20,15190.0,253.17,4.22
2026-05-11 20:52:08.139506+00:00,Tumblurr,Kings League,50162,2026-05-11 17:08:07+00:00,17,20,13441.0,224.02,3.73
2026-05-11 20:52:08.139506+00:00,ESLCS,Counter-Strike,44642,2026-05-11 14:50:12+00:00,14,20,21716.0,361.93,6.03
2026-05-11 20:52:08.139506+00:00,AsianJeff,IRL,36961,2026-05-11 17:58:48+00:00,17,20,10400.0,173.33,2.89
2026-05-11 20:52:08.139506+00:00,Rainbow6,Rainbow Six Siege,35802,2026-05-11 17:20:22+00:00,17,20,12706.0,211.77,3.53
2026-05-11 20:52:08.139506+00:00,ohnePixel,Just Chatting,33641,2026-05-11 13:04:04+00:00,13,20,28084.0,468.07,7.8
2026-05-11 20:52:08.139506+00:00,iaspod,Just Chatting,30681,2026-05-11 18:34:44+00:00,18,20,8244.0,137.4,2.29
2026-05-11 20:52:08.139506+00:00,anarabdullaev,IRL,26130,2026-05-11 17:00:42+00:00,17,20,13886.0,231.43,3.86
2026-05-11 20:52:08.139506+00:00,zackrawrr,Just Chatting,26075,2026-05-11 18:13:28+00:00,18,20,9520.0,158.67,2.64
2026-05-11 20:52:08.139506+00:00,HasanAbi,Just Chatting,23209,2026-05-11 18:15:28+00:00,18,20,9400.0,156.67,2.61
2026-05-11 20:52:08.139506+00:00,Domingo,Kings League,22843,2026-05-11 16:23:15+00:00,16,20,16133.0,268.88,4.48
2026-05-11 20:52:08.139506+00:00,YoungMulti,QSMP,21604,2026-05-11 16:03:40+00:00,16,20,17308.0,288.47,4.81
2026-05-11 20:52:08.139506+00:00,Rubius,Grand Theft Auto V,21113,2026-05-11 17:25:28+00:00,17,20,12400.0,206.67,3.44
2026-05-11 20:52:08.139506+00:00,aminematue,Just Chatting,21100,2026-05-11 18:13:59+00:00,18,20,9489.0,158.15,2.64
2026-05-11 20:52:08.139506+00:00,xQc,Just Chatting,20725,2026-05-11 17:19:19+00:00,17,20,12769.0,212.82,3.55
2026-05-11 20:52:08.139506+00:00,sasavot,Counter-Strike,18845,2026-05-11 16:41:06+00:00,16,20,15062.0,251.03,4.18
2026-05-11 20:52:08.139506+00:00,loltyler1,League of Legends,17815,2026-05-11 16:18:30+00:00,16,20,16418.0,273.63,4.56
2026-05-11 20:52:08.139506+00:00,CroissantStrike,Counter-Strike,16710,2026-05-11 14:48:05+00:00,14,20,21843.0,364.05,6.07
2026-05-11 20:57:08.598527+00:00,Jynxzi,League of Legends,96070,2026-05-11 18:11:19+00:00,18,20,9950.0,165.83,2.76
2026-05-11 20:57:08.598527+00:00,StRoGo,Counter-Strike,95481,2026-05-11 07:13:59+00:00,7,20,49390.0,823.17,13.72
2026-05-11 20:57:08.598527+00:00,eliasn97,Special Events,61743,2026-05-11 16:38:58+00:00,16,20,15491.0,258.18,4.3
2026-05-11 20:57:08.598527+00:00,Tumblurr,Kings League,52857,2026-05-11 17:08:07+00:00,17,20,13742.0,229.03,3.82
2026-05-11 20:57:08.598527+00:00,ESLCS,Counter-Strike,44642,2026-05-11 14:50:12+00:00,14,20,22017.0,366.95,6.12
2026-05-11 20:57:08.598527+00:00,AsianJeff,IRL,42385,2026-05-11 17:58:48+00:00,17,20,10701.0,178.35,2.97
2026-05-11 20:57:08.598527+00:00,Rainbow6,Rainbow Six Siege,37680,2026-05-11 17:20:22+00:00,17,20,13007.0,216.78,3.61
2026-05-11 20:57:08.598527+00:00,iaspod,Just Chatting,33879,2026-05-11 18:34:44+00:00,18,20,8545.0,142.42,2.37
2026-05-11 20:57:08.598527+00:00,ohnePixel,Just Chatting,31753,2026-05-11 13:04:04+00:00,13,20,28385.0,473.08,7.88
2026-05-11 20:57:08.598527+00:00,zackrawrr,Just Chatting,27879,2026-05-11 18:13:28+00:00,18,20,9821.0,163.68,2.73
2026-05-11 20:57:08.598527+00:00,anarabdullaev,IRL,24770,2026-05-11 17:00:42+00:00,17,20,14187.0,236.45,3.94
2026-05-11 20:57:08.598527+00:00,Domingo,Kings League,24538,2026-05-11 16:23:15+00:00,16,20,16434.0,273.9,4.57
2026-05-11 20:57:08.598527+00:00,HasanAbi,Just Chatting,24367,2026-05-11 18:15:28+00:00,18,20,9701.0,161.68,2.69
2026-05-11 20:57:08.598527+00:00,aminematue,Just Chatting,23749,2026-05-11 18:13:59+00:00,18,20,9790.0,163.17,2.72
2026-05-11 20:57:08.598527+00:00,YoungMulti,QSMP,23502,2026-05-11 16:03:40+00:00,16,20,17609.0,293.48,4.89
2026-05-11 20:57:08.598527+00:00,xQc,League of Legends,21886,2026-05-11 17:19:19+00:00,17,20,13070.0,217.83,3.63
2026-05-11 20:57:08.598527+00:00,Rubius,Grand Theft Auto V,21589,2026-05-11 17:25:28+00:00,17,20,12701.0,211.68,3.53
2026-05-11 20:57:08.598527+00:00,sasavot,Counter-Strike,17912,2026-05-11 16:41:06+00:00,16,20,15363.0,256.05,4.27
2026-05-11 20:57:08.598527+00:00,Trymacs,Just Chatting,16497,2026-05-11 16:35:53+00:00,16,20,15676.0,261.27,4.35
2026-05-11 20:57:08.598527+00:00,alanzoka,Just Chatting,16472,2026-05-11 18:28:17+00:00,18,20,8932.0,148.87,2.48
2026-05-11 21:02:09.054855+00:00,Jynxzi,League of Legends,113804,2026-05-11 18:11:19+00:00,18,21,10250.0,170.83,2.85
2026-05-11 21:02:09.054855+00:00,StRoGo,Counter-Strike,99383,2026-05-11 07:13:59+00:00,7,21,49690.0,828.17,13.8
2026-05-11 21:02:09.054855+00:00,eliasn97,Special Events,63445,2026-05-11 16:38:58+00:00,16,21,15791.0,263.18,4.39
2026-05-11 21:02:09.054855+00:00,AsianJeff,IRL,62090,2026-05-11 17:58:48+00:00,17,21,11001.0,183.35,3.06
2026-05-11 21:02:09.054855+00:00,Tumblurr,Kings League,52857,2026-05-11 17:08:07+00:00,17,21,14042.0,234.03,3.9
2026-05-11 21:02:09.054855+00:00,ESLCS,Counter-Strike,47353,2026-05-11 14:50:12+00:00,14,21,22317.0,371.95,6.2
2026-05-11 21:02:09.054855+00:00,Rainbow6,Rainbow Six Siege,35439,2026-05-11 17:20:22+00:00,17,21,13307.0,221.78,3.7
2026-05-11 21:02:09.054855+00:00,ohnePixel,Just Chatting,30987,2026-05-11 13:04:04+00:00,13,21,28685.0,478.08,7.97
2026-05-11 21:02:09.054855+00:00,zackrawrr,Just Chatting,28527,2026-05-11 18:13:28+00:00,18,21,10121.0,168.68,2.81
2026-05-11 21:02:09.054855+00:00,anarabdullaev,IRL,26921,2026-05-11 17:00:42+00:00,17,21,14487.0,241.45,4.02
2026-05-11 21:02:09.054855+00:00,iaspod,Just Chatting,25314,2026-05-11 18:34:44+00:00,18,21,8845.0,147.42,2.46
2026-05-11 21:02:09.054855+00:00,HasanAbi,Just Chatting,25088,2026-05-11 18:15:28+00:00,18,21,10001.0,166.68,2.78
2026-05-11 21:02:09.054855+00:00,Domingo,Kings League,25053,2026-05-11 16:23:15+00:00,16,21,16734.0,278.9,4.65
2026-05-11 21:02:09.054855+00:00,aminematue,Just Chatting,24525,2026-05-11 18:13:59+00:00,18,21,10090.0,168.17,2.8
2026-05-11 21:02:09.054855+00:00,xQc,League of Legends,23517,2026-05-11 17:19:19+00:00,17,21,13370.0,222.83,3.71
2026-05-11 21:02:09.054855+00:00,YoungMulti,QSMP,23502,2026-05-11 16:03:40+00:00,16,21,17909.0,298.48,4.97
2026-05-11 21:02:09.054855+00:00,Rubius,Grand Theft Auto V,23342,2026-05-11 17:25:28+00:00,17,21,13001.0,216.68,3.61
2026-05-11 21:02:09.054855+00:00,sasavot,Counter-Strike,18097,2026-05-11 16:41:06+00:00,16,21,15663.0,261.05,4.35
2026-05-11 21:02:09.054855+00:00,alanzoka,Just Chatting,17643,2026-05-11 18:28:17+00:00,18,21,9232.0,153.87,2.56
2026-05-11 21:02:09.054855+00:00,Trymacs,Just Chatting,17358,2026-05-11 16:35:53+00:00,16,21,15976.0,266.27,4.44
2026-05-11 21:07:09.656132+00:00,StRoGo,Counter-Strike,119675,2026-05-11 07:13:59+00:00,7,21,49991.0,833.18,13.89
2026-05-11 21:07:09.656132+00:00,Jynxzi,League of Legends,111513,2026-05-11 18:11:19+00:00,18,21,10551.0,175.85,2.93
2026-05-11 21:07:09.656132+00:00,eliasn97,Special Events,65084,2026-05-11 16:38:58+00:00,16,21,16092.0,268.2,4.47
2026-05-11 21:07:09.656132+00:00,ESLCS,Counter-Strike,52744,2026-05-11 14:50:12+00:00,14,21,22618.0,376.97,6.28
2026-05-11 21:07:09.656132+00:00,Tumblurr,Kings League,51928,2026-05-11 17:08:07+00:00,17,21,14343.0,239.05,3.98
2026-05-11 21:07:09.656132+00:00,AsianJeff,IRL,45637,2026-05-11 17:58:48+00:00,17,21,11302.0,188.37,3.14
2026-05-11 21:07:09.656132+00:00,Rainbow6,Rainbow Six Siege,36636,2026-05-11 17:20:22+00:00,17,21,13608.0,226.8,3.78
2026-05-11 21:07:09.656132+00:00,zackrawrr,Just Chatting,29619,2026-05-11 18:13:28+00:00,18,21,10422.0,173.7,2.9
2026-05-11 21:07:09.656132+00:00,ohnePixel,Just Chatting,26621,2026-05-11 13:04:04+00:00,13,21,28986.0,483.1,8.05
2026-05-11 21:07:09.656132+00:00,Domingo,Kings League,26356,2026-05-11 16:23:15+00:00,16,21,17035.0,283.92,4.73
2026-05-11 21:07:09.656132+00:00,iaspod,Just Chatting,26084,2026-05-11 18:34:44+00:00,18,21,9146.0,152.43,2.54
2026-05-11 21:07:09.656132+00:00,HasanAbi,Just Chatting,25768,2026-05-11 18:15:28+00:00,18,21,10302.0,171.7,2.86
2026-05-11 21:07:09.656132+00:00,aminematue,Just Chatting,25465,2026-05-11 18:13:59+00:00,18,21,10391.0,173.18,2.89
2026-05-11 21:07:09.656132+00:00,anarabdullaev,IRL,23519,2026-05-11 17:00:42+00:00,17,21,14788.0,246.47,4.11
2026-05-11 21:07:09.656132+00:00,Rubius,Grand Theft Auto V,23342,2026-05-11 17:25:28+00:00,17,21,13302.0,221.7,3.7
2026-05-11 21:07:09.656132+00:00,YoungMulti,QSMP,23102,2026-05-11 16:03:40+00:00,16,21,18210.0,303.5,5.06
2026-05-11 21:07:09.656132+00:00,CroissantStrike,Counter-Strike,18474,2026-05-11 14:48:05+00:00,14,21,22745.0,379.08,6.32
2026-05-11 21:07:09.656132+00:00,alanzoka,Just Chatting,18226,2026-05-11 18:28:17+00:00,18,21,9533.0,158.88,2.65
2026-05-11 21:07:09.656132+00:00,xQc,League of Legends,17950,2026-05-11 17:19:19+00:00,17,21,13671.0,227.85,3.8
2026-05-11 21:07:09.656132+00:00,Trymacs,Just Chatting,17726,2026-05-11 16:35:53+00:00,16,21,16277.0,271.28,4.52
